wavelength,x,y,z
0.0,-2.001953125,-1.681640625,3.1630859375
0.0005,-2.6025390625,-1.361328125,3.36328125
0.001,-2.8427734375,-1.0009765625,3.2431640625
0.0015,-2.9228515625,-0.640625,2.9228515625
0.002,-2.9228515625,0.16015625,2.2421875
0.0025,-3.0830078125,1.0009765625,1.5615234375
0.003,-3.283203125,1.76171875,1.0810546875
0.0035,-3.443359375,2.322265625,0.6806640625
0.004,-3.203125,2.482421875,0.2802734375
0.0045,-2.642578125,2.5625,-0.3203125
0.005,-2.08203125,2.7626953125,-1.1611328125
0.0055,-1.4013671875,3.04296875,-2.0419921875
0.006,-1.0009765625,3.2431640625,-2.72265625
0.0065,-0.6005859375,3.283203125,-3.123046875
0.007,-0.16015625,3.0029296875,-3.283203125
0.0075,0.6005859375,2.322265625,-3.36328125
0.008,1.4013671875,1.7216796875,-3.5634765625
0.0085,2.162109375,1.12109375,-3.7236328125
0.009,2.6025390625,0.8408203125,-3.8837890625
0.0095,2.6826171875,0.48046875,-3.68359375
0.01,2.6826171875,0.0400390625,-3.203125
0.0105,2.72265625,-0.640625,-2.5224609375
0.011,2.8427734375,-1.44140625,-1.8818359375
0.0115,3.04296875,-2.08203125,-1.44140625
0.012,3.0830078125,-2.5625,-1.0810546875
0.0125,2.8427734375,-2.6826171875,-0.6806640625
0.013,2.2822265625,-2.72265625,0.0
0.0135,1.7216796875,-2.9228515625,0.720703125
0.014,1.201171875,-3.203125,1.5615234375
0.0145,0.80078125,-3.4833984375,2.162109375
0.015,0.4404296875,-3.36328125,2.4423828125
0.0155,-0.080078125,-3.0830078125,2.6025390625
0.016,-0.8408203125,-2.482421875,2.802734375
0.0165,-1.6416015625,-1.9619140625,2.962890625
0.017,-2.322265625,-1.521484375,3.203125
0.0175,-2.72265625,-1.201171875,3.3232421875
0.018,-2.8427734375,-0.80078125,3.123046875
0.0185,-2.8828125,-0.2001953125,2.5224609375
0.019,-3.0029296875,0.560546875,1.921875
0.0195,-3.203125,1.4013671875,1.3212890625
0.02,-3.36328125,2.0419921875,0.9609375
0.0205,-3.36328125,2.40234375,0.5205078125
0.021,-3.04296875,2.5625,0.0
0.0215,-2.40234375,2.6826171875,-0.7607421875
0.022,-1.7216796875,2.9228515625,-1.6416015625
0.0225,-1.2412109375,3.2431640625,-2.4423828125
0.023,-0.8408203125,3.443359375,-3.04296875
0.0235,-0.3603515625,3.1630859375,-3.203125
0.024,0.2802734375,2.642578125,-3.36328125
0.0245,1.1611328125,1.921875,-3.5634765625
0.025,1.9619140625,1.3212890625,-3.8037109375
0.0255,2.5224609375,0.9208984375,-3.9638671875
0.026,2.802734375,0.6005859375,-3.84375
0.0265,2.8427734375,0.2001953125,-3.443359375
0.027,2.72265625,-0.560546875,-2.642578125
0.0275,2.8828125,-1.361328125,-2.001953125
0.028,3.123046875,-2.162109375,-1.44140625
0.0285,3.203125,-2.6025390625,-1.12109375
0.029,2.9228515625,-2.7626953125,-0.720703125
0.0295,2.40234375,-2.8427734375,-0.16015625
0.03,1.7216796875,-2.962890625,0.7607421875
0.0305,1.12109375,-3.203125,1.5615234375
0.031,0.6806640625,-3.443359375,2.2421875
0.0315,0.3203125,-3.5234375,2.6025390625
0.032,-0.16015625,-3.123046875,2.72265625
0.0325,-0.9208984375,-2.5224609375,2.802734375
0.033,-1.681640625,-1.8818359375,2.962890625
0.0335,-2.4423828125,-1.361328125,3.1630859375
0.034,-2.8427734375,-1.041015625,3.3232421875
0.0345,-2.9228515625,-0.640625,3.04296875
0.035,-2.9228515625,-0.2001953125,2.6025390625
0.0355,-2.9228515625,0.6005859375,1.921875
0.036,-3.0830078125,1.3212890625,1.28125
0.0365,-3.283203125,2.001953125,0.8408203125
0.037,-3.4033203125,2.482421875,0.48046875
0.0375,-3.0830078125,2.5625,0.080078125
0.038,-2.482421875,2.642578125,-0.640625
0.0385,-1.8818359375,2.8427734375,-1.44140625
0.039,-1.28125,3.1630859375,-2.2822265625
0.0395,-0.880859375,3.36328125,-2.8828125
0.04,-0.5205078125,3.3232421875,-3.203125
0.0405,0.0400390625,2.8828125,-3.4033203125
0.041,0.9208984375,2.162109375,-3.5634765625
0.0415,1.7216796875,1.521484375,-3.763671875
0.042,2.4423828125,1.0810546875,-3.9638671875
0.0425,2.8427734375,0.7607421875,-4.00390625
0.043,2.8828125,0.3603515625,-3.68359375
0.0435,2.8828125,-0.3203125,-3.04296875
0.044,2.962890625,-1.201171875,-2.2822265625
0.0445,3.1630859375,-2.001953125,-1.6416015625
0.045,3.3232421875,-2.6025390625,-1.2412109375
0.0455,3.2431640625,-2.9228515625,-0.8408203125
0.046,2.72265625,-2.962890625,-0.2802734375
0.0465,1.9619140625,-3.0830078125,0.6005859375
0.047,1.2412109375,-3.2431640625,1.521484375
0.0475,0.7607421875,-3.5634765625,2.2822265625
0.048,0.3603515625,-3.6435546875,2.7626953125
0.0485,-0.16015625,-3.36328125,2.8828125
0.049,-0.880859375,-2.72265625,3.0029296875
0.0495,-1.8017578125,-1.8818359375,3.123046875
0.05,-2.5224609375,-1.3212890625,3.2431640625
0.0505,-3.04296875,-0.9208984375,3.36328125
0.051,-3.203125,-0.6005859375,3.2431640625
0.0515,-3.0830078125,-0.1201171875,2.6826171875
0.052,-3.04296875,0.6005859375,1.921875
0.0525,-3.1630859375,1.44140625,1.2412109375
0.053,-3.36328125,2.2021484375,0.720703125
0.0535,-3.36328125,2.5625,0.3603515625
0.054,-3.0830078125,2.6826171875,0.0
0.0545,-2.5625,2.6826171875,-0.640625
0.055,-1.76171875,2.802734375,-1.4814453125
0.0555,-1.1611328125,3.04296875,-2.2822265625
0.056,-0.720703125,3.283203125,-2.962890625
0.0565,-0.48046875,3.283203125,-3.283203125
0.057,0.1201171875,2.8828125,-3.36328125
0.0575,0.7607421875,2.2822265625,-3.4833984375
0.058,1.6015625,1.5615234375,-3.603515625
0.0585,2.2822265625,1.0810546875,-3.84375
0.059,2.6826171875,0.80078125,-3.8837890625
0.0595,2.8427734375,0.48046875,-3.7236328125
0.06,2.8427734375,0.0,-3.203125
0.0605,2.8427734375,-0.80078125,-2.482421875
0.061,2.962890625,-1.6015625,-1.8818359375
0.0615,3.203125,-2.322265625,-1.361328125
0.062,3.2431640625,-2.6826171875,-1.041015625
0.0625,2.8828125,-2.8427734375,-0.6005859375
0.063,2.3623046875,-2.962890625,0.0400390625
0.0635,1.6015625,-3.0830078125,0.9609375
0.064,1.0810546875,-3.36328125,1.76171875
0.0645,0.640625,-3.68359375,2.40234375
0.065,0.2802734375,-3.6435546875,2.7626953125
0.0655,-0.3203125,-3.0830078125,2.8828125
0.066,-1.201171875,-2.40234375,3.04296875
0.0665,-2.0419921875,-1.7216796875,3.2431640625
0.067,-2.7626953125,-1.28125,3.5234375
0.0675,-3.0830078125,-0.9609375,3.4833984375
0.068,-3.1630859375,-0.5205078125,3.0830078125
0.0685,-3.123046875,0.2001953125,2.4423828125
0.069,-3.203125,1.12109375,1.5615234375
0.0695,-3.36328125,1.921875,1.041015625
0.07,-3.5634765625,2.5224609375,0.560546875
0.0705,-3.4033203125,2.7626953125,0.240234375
0.071,-2.802734375,2.7626953125,-0.400390625
0.0715,-2.08203125,2.8828125,-1.28125
0.072,-1.3212890625,3.0830078125,-2.2421875
0.0725,-0.880859375,3.3232421875,-2.9228515625
0.073,-0.4404296875,3.36328125,-3.36328125
0.0735,0.0,3.123046875,-3.5634765625
0.074,0.7607421875,2.40234375,-3.5634765625
0.0745,1.6015625,1.6015625,-3.68359375
0.075,2.322265625,1.041015625,-3.8037109375
0.0755,2.8427734375,0.6806640625,-3.923828125
0.076,2.962890625,0.400390625,-3.8037109375
0.0765,2.8828125,-0.1201171875,-3.203125
0.077,2.8427734375,-0.80078125,-2.5625
0.0775,2.9228515625,-1.6416015625,-1.76171875
0.078,3.123046875,-2.322265625,-1.28125
0.0785,3.1630859375,-2.7626953125,-0.9208984375
0.079,2.962890625,-2.9228515625,-0.6005859375
0.0795,2.3623046875,-2.9228515625,0.0
0.08,1.6416015625,-3.04296875,0.880859375
0.0805,1.041015625,-3.283203125,1.7216796875
0.081,0.640625,-3.603515625,2.40234375
0.0815,0.2802734375,-3.5634765625,2.72265625
0.082,-0.2001953125,-3.203125,2.8427734375
0.0825,-0.9609375,-2.6025390625,3.0029296875
0.083,-1.841796875,-1.8818359375,3.123046875
0.0835,-2.5224609375,-1.361328125,3.36328125
0.084,-3.04296875,-1.0009765625,3.4833984375
0.0845,-3.1630859375,-0.640625,3.283203125
0.085,-3.0830078125,0.0,2.642578125
0.0855,-3.203125,0.720703125,1.921875
0.086,-3.3232421875,1.6015625,1.2412109375
0.0865,-3.5634765625,2.3623046875,0.7607421875
0.087,-3.5234375,2.6826171875,0.3603515625
0.0875,-3.1630859375,2.8427734375,-0.1201171875
0.088,-2.4423828125,2.8828125,-0.8408203125
0.0885,-1.6416015625,3.04296875,-1.8818359375
0.089,-1.041015625,3.3232421875,-2.72265625
0.0895,-0.640625,3.5634765625,-3.36328125
0.09,-0.2001953125,3.36328125,-3.5634765625
0.0905,0.48046875,2.72265625,-3.603515625
0.091,1.361328125,1.9619140625,-3.763671875
0.0915,2.2421875,1.2412109375,-3.8837890625
0.092,2.8427734375,0.80078125,-4.0439453125
0.0925,3.0830078125,0.4404296875,-3.923828125
0.093,3.04296875,0.0400390625,-3.5634765625
0.0935,2.9228515625,-0.6806640625,-2.72265625
0.094,2.962890625,-1.5615234375,-1.9619140625
0.0945,3.123046875,-2.322265625,-1.3212890625
0.095,3.283203125,-2.8828125,-1.0009765625
0.0955,3.04296875,-3.0029296875,-0.6005859375
0.096,2.40234375,-3.0830078125,-0.080078125
0.0965,1.8017578125,-3.123046875,0.7607421875
0.097,1.0009765625,-3.283203125,1.7216796875
0.0975,0.6005859375,-3.4833984375,2.3623046875
0.098,0.240234375,-3.5634765625,2.802734375
0.0985,-0.2001953125,-3.283203125,2.9228515625
0.099,-0.9208984375,-2.5625,2.962890625
0.0995,-1.7216796875,-1.921875,3.0830078125
0.1,-2.5224609375,-1.28125,3.2431640625
0.1005,-3.04296875,-1.0009765625,3.443359375
0.101,-3.123046875,-0.640625,3.203125
0.1015,-3.123046875,-0.2001953125,2.802734375
0.102,-3.0830078125,0.5205078125,2.08203125
0.1025,-3.1630859375,1.4013671875,1.3212890625
0.103,-3.36328125,2.08203125,0.8408203125
0.1035,-3.4833984375,2.6025390625,0.4404296875
0.104,-3.203125,2.642578125,0.0
0.1045,-2.6025390625,2.72265625,-0.640625
0.105,-1.9619140625,2.8828125,-1.44140625
0.1055,-1.28125,3.1630859375,-2.3623046875
0.106,-0.8408203125,3.443359375,-3.0029296875
0.1065,-0.48046875,3.36328125,-3.36328125
0.107,0.0,3.0830078125,-3.5634765625
0.1075,0.8408203125,2.322265625,-3.5634765625
0.108,1.681640625,1.6015625,-3.7236328125
0.1085,2.40234375,1.0810546875,-3.923828125
0.109,2.8427734375,0.7607421875,-4.0439453125
0.1095,2.9228515625,0.4404296875,-3.763671875
0.11,2.8828125,-0.2001953125,-3.1630859375
0.1105,2.9228515625,-1.0009765625,-2.4423828125
0.111,3.0830078125,-1.8818359375,-1.7216796875
0.1115,3.2431640625,-2.482421875,-1.28125
0.112,3.3232421875,-2.8427734375,-0.9208984375
0.1125,2.8828125,-2.962890625,-0.5205078125
0.113,2.2021484375,-3.04296875,0.16015625
0.1135,1.4013671875,-3.1630859375,1.201171875
0.114,0.880859375,-3.4033203125,2.0419921875
0.1145,0.5205078125,-3.603515625,2.5625
0.115,0.080078125,-3.4033203125,2.802734375
0.1155,-0.5205078125,-2.8828125,2.8828125
0.116,-1.361328125,-2.2021484375,3.0029296875
0.1165,-2.2021484375,-1.5615234375,3.1630859375
0.117,-2.72265625,-1.12109375,3.3232421875
0.1175,-3.0830078125,-0.8408203125,3.3232421875
0.118,-3.04296875,-0.48046875,2.962890625
0.1185,-2.9228515625,0.240234375,2.2421875
0.119,-3.0830078125,1.0009765625,1.5615234375
0.1195,-3.203125,1.841796875,0.9609375
0.12,-3.4033203125,2.322265625,0.640625
0.1205,-3.203125,2.5224609375,0.240234375
0.121,-2.7626953125,2.72265625,-0.2802734375
0.1215,-2.1220703125,2.802734375,-1.0810546875
0.122,-1.4814453125,2.962890625,-1.9619140625
0.1225,-1.0009765625,3.203125,-2.6826171875
0.123,-0.640625,3.36328125,-3.203125
0.1235,-0.2001953125,3.123046875,-3.3232421875
0.124,0.48046875,2.5224609375,-3.4033203125
0.1245,1.28125,1.921875,-3.5634765625
0.125,2.0419921875,1.28125,-3.8037109375
0.1255,2.5625,0.9609375,-3.923828125
0.126,2.802734375,0.6005859375,-3.8037109375
0.1265,2.802734375,0.2001953125,-3.4033203125
0.127,2.802734375,-0.5205078125,-2.72265625
0.1275,2.8828125,-1.3212890625,-2.0419921875
0.128,3.123046875,-2.162109375,-1.5615234375
0.1285,3.203125,-2.6025390625,-1.201171875
0.129,2.8828125,-2.802734375,-0.7607421875
0.1295,2.482421875,-2.8427734375,-0.16015625
0.13,1.8017578125,-2.962890625,0.640625
0.1305,1.2412109375,-3.203125,1.521484375
0.131,0.80078125,-3.4833984375,2.162109375
0.1315,0.4404296875,-3.5234375,2.5224609375
0.132,0.0,-3.203125,2.6826171875
0.1325,-0.80078125,-2.5224609375,2.802734375
0.133,-1.6015625,-1.9619140625,3.0029296875
0.1335,-2.322265625,-1.44140625,3.2431640625
0.134,-2.7626953125,-1.1611328125,3.36328125
0.1345,-2.8828125,-0.7607421875,3.0830078125
0.135,-2.8828125,-0.240234375,2.6025390625
0.1355,-2.962890625,0.560546875,1.921875
0.136,-3.123046875,1.28125,1.3212890625
0.1365,-3.283203125,1.921875,0.880859375
0.137,-3.36328125,2.322265625,0.5205078125
0.1375,-3.0830078125,2.5224609375,0.1201171875
0.138,-2.40234375,2.5625,-0.640625
0.1385,-1.8017578125,2.8427734375,-1.44140625
0.139,-1.28125,3.123046875,-2.322265625
0.1395,-0.9208984375,3.3232421875,-2.8828125
0.14,-0.5205078125,3.1630859375,-3.123046875
0.1405,0.080078125,2.802734375,-3.283203125
0.141,0.9208984375,2.08203125,-3.4033203125
0.1415,1.6416015625,1.5615234375,-3.603515625
0.142,2.2822265625,1.12109375,-3.8037109375
0.1425,2.6025390625,0.80078125,-3.8837890625
0.143,2.6826171875,0.4404296875,-3.5234375
0.1435,2.6826171875,-0.240234375,-2.9228515625
0.144,2.7626953125,-1.0009765625,-2.2822265625
0.1445,2.962890625,-1.8017578125,-1.7216796875
0.145,3.123046875,-2.322265625,-1.4013671875
0.1455,3.04296875,-2.5625,-1.0009765625
0.146,2.6826171875,-2.72265625,-0.5205078125
0.1465,2.0419921875,-2.8427734375,0.2802734375
0.147,1.4814453125,-3.0830078125,1.0810546875
0.1475,1.0009765625,-3.36328125,1.841796875
0.148,0.6806640625,-3.4833984375,2.2822265625
0.1485,0.240234375,-3.2431640625,2.5224609375
0.149,-0.400390625,-2.7626953125,2.642578125
0.1495,-1.2412109375,-2.162109375,2.8427734375
0.15,-1.9619140625,-1.681640625,3.04296875
0.1505,-2.4423828125,-1.3212890625,3.2431640625
0.151,-2.72265625,-1.0009765625,3.1630859375
0.1515,-2.802734375,-0.6005859375,2.8427734375
0.152,-2.8427734375,0.080078125,2.2021484375
0.1525,-3.0029296875,0.8408203125,1.6416015625
0.153,-3.2431640625,1.5615234375,1.12109375
0.1535,-3.283203125,2.08203125,0.80078125
0.154,-3.1630859375,2.2822265625,0.400390625
0.1545,-2.72265625,2.482421875,-0.240234375
0.155,-2.08203125,2.6826171875,-1.0009765625
0.1555,-1.6015625,2.9228515625,-1.8017578125
0.156,-1.1611328125,3.1630859375,-2.4423828125
0.1565,-0.80078125,3.2431640625,-2.8828125
0.157,-0.3203125,2.962890625,-3.0830078125
0.1575,0.400390625,2.40234375,-3.203125
0.158,1.201171875,1.841796875,-3.443359375
0.1585,1.921875,1.4013671875,-3.7236328125
0.159,2.3623046875,1.12109375,-3.84375
0.1595,2.5224609375,0.6806640625,-3.603515625
0.16,2.5625,0.16015625,-3.203125
0.1605,2.6826171875,-0.6005859375,-2.6025390625
0.161,2.8427734375,-1.3212890625,-2.08203125
0.1615,3.04296875,-1.9619140625,-1.6015625
0.162,3.123046875,-2.40234375,-1.28125
0.1625,2.8427734375,-2.5625,-0.80078125
0.163,2.2822265625,-2.72265625,-0.16015625
0.1635,1.76171875,-2.9228515625,0.6806640625
0.164,1.28125,-3.203125,1.44140625
0.1645,0.880859375,-3.4033203125,2.0419921875
0.165,0.48046875,-3.36328125,2.40234375
0.1655,-0.080078125,-2.962890625,2.5224609375
0.166,-0.9208984375,-2.40234375,2.72265625
0.1665,-1.6416015625,-1.8818359375,2.962890625
0.167,-2.2822265625,-1.44140625,3.203125
0.1675,-2.642578125,-1.1611328125,3.2431640625
0.168,-2.72265625,-0.7607421875,2.9228515625
0.1685,-2.802734375,-0.2001953125,2.40234375
0.169,-2.9228515625,0.6005859375,1.76171875
0.1695,-3.1630859375,1.4013671875,1.28125
0.17,-3.36328125,1.921875,0.9609375
0.1705,-3.2431640625,2.322265625,0.48046875
0.171,-2.8427734375,2.4423828125,0.0
0.1715,-2.2822265625,2.6025390625,-0.80078125
0.172,-1.681640625,2.8828125,-1.6416015625
0.1725,-1.2412109375,3.203125,-2.40234375
0.173,-0.880859375,3.3232421875,-2.8828125
0.1735,-0.400390625,3.0830078125,-3.0830078125
0.174,0.2802734375,2.6025390625,-3.2431640625
0.1745,1.12109375,1.921875,-3.4833984375
0.175,1.841796875,1.44140625,-3.68359375
0.1755,2.3623046875,1.0810546875,-3.84375
0.176,2.6025390625,0.6806640625,-3.8037109375
0.1765,2.642578125,0.240234375,-3.3232421875
0.177,2.6826171875,-0.5205078125,-2.72265625
0.1775,2.8427734375,-1.28125,-2.08203125
0.178,3.0830078125,-2.001953125,-1.6015625
0.1785,3.123046875,-2.4423828125,-1.28125
0.179,2.8828125,-2.6025390625,-0.80078125
0.1795,2.4423828125,-2.72265625,-0.2802734375
0.18,1.76171875,-2.9228515625,0.6005859375
0.1805,1.2412109375,-3.203125,1.4013671875
0.181,0.8408203125,-3.443359375,2.08203125
0.1815,0.48046875,-3.4833984375,2.4423828125
0.182,0.0,-3.0830078125,2.5625
0.1825,-0.80078125,-2.5224609375,2.7626953125
0.183,-1.6416015625,-1.8818359375,2.962890625
0.1835,-2.2822265625,-1.4814453125,3.203125
0.184,-2.6826171875,-1.1611328125,3.2431640625
0.1845,-2.8828125,-0.80078125,3.04296875
0.185,-2.8828125,-0.2802734375,2.5224609375
0.1855,-2.9228515625,0.560546875,1.921875
0.186,-3.1630859375,1.3212890625,1.3212890625
0.1865,-3.36328125,2.0419921875,0.880859375
0.187,-3.36328125,2.3623046875,0.560546875
0.1875,-2.962890625,2.5224609375,0.0400390625
0.188,-2.4423828125,2.642578125,-0.640625
0.1885,-1.76171875,2.8427734375,-1.5615234375
0.189,-1.28125,3.1630859375,-2.322265625
0.1895,-0.8408203125,3.3232421875,-2.8828125
0.19,-0.48046875,3.2431640625,-3.203125
0.1905,0.16015625,2.72265625,-3.283203125
0.191,0.9609375,2.0419921875,-3.4833984375
0.1915,1.841796875,1.44140625,-3.68359375
0.192,2.4423828125,1.0009765625,-3.923828125
0.1925,2.6826171875,0.6806640625,-3.84375
0.193,2.72265625,0.2802734375,-3.4833984375
0.1935,2.7626953125,-0.3203125,-2.8828125
0.194,2.8427734375,-1.1611328125,-2.1220703125
0.1945,3.04296875,-1.921875,-1.6416015625
0.195,3.1630859375,-2.4423828125,-1.2412109375
0.1955,3.0830078125,-2.72265625,-0.880859375
0.196,2.5224609375,-2.72265625,-0.3203125
0.1965,1.921875,-2.8828125,0.48046875
0.197,1.28125,-3.1630859375,1.3212890625
0.1975,0.880859375,-3.4033203125,2.0419921875
0.198,0.48046875,-3.443359375,2.4423828125
0.1985,0.080078125,-3.203125,2.642578125
0.199,-0.640625,-2.642578125,2.7626953125
0.1995,-1.4814453125,-1.9619140625,2.9228515625
0.2,-2.162109375,-1.5615234375,3.123046875
0.2005,-2.642578125,-1.1611328125,3.2431640625
0.201,-2.8427734375,-0.9609375,3.1630859375
0.2015,-2.8427734375,-0.3603515625,2.642578125
0.202,-2.8828125,0.3203125,2.08203125
0.2025,-3.0830078125,1.12109375,1.44140625
0.203,-3.2431640625,1.8017578125,1.0009765625
0.2035,-3.283203125,2.2421875,0.640625
0.204,-3.123046875,2.4423828125,0.240234375
0.2045,-2.6025390625,2.5224609375,-0.400390625
0.205,-1.9619140625,2.6826171875,-1.201171875
0.2055,-1.44140625,3.0029296875,-1.9619140625
0.206,-1.041015625,3.283203125,-2.642578125
0.2065,-0.6806640625,3.2431640625,-3.04296875
0.207,-0.16015625,2.9228515625,-3.203125
0.2075,0.6005859375,2.40234375,-3.36328125
0.208,1.44140625,1.6416015625,-3.603515625
0.2085,2.1220703125,1.2412109375,-3.84375
0.209,2.5224609375,0.880859375,-3.923828125
0.2095,2.6826171875,0.560546875,-3.7236328125
0.21,2.6826171875,0.0,-3.1630859375
0.2105,2.802734375,-0.80078125,-2.482421875
0.211,3.0029296875,-1.6015625,-1.8818359375
0.2115,3.203125,-2.2822265625,-1.44140625
0.212,3.1630859375,-2.6025390625,-1.12109375
0.2125,2.802734375,-2.7626953125,-0.6005859375
0.213,2.2421875,-2.8828125,0.16015625
0.2135,1.521484375,-3.0830078125,1.0810546875
0.214,1.0009765625,-3.36328125,1.841796875
0.2145,0.640625,-3.5634765625,2.40234375
0.215,0.240234375,-3.4033203125,2.6826171875
0.2155,-0.48046875,-2.8427734375,2.7626953125
0.216,-1.28125,-2.2822265625,2.9228515625
0.2165,-2.162109375,-1.6416015625,3.1630859375
0.217,-2.72265625,-1.28125,3.36328125
0.2175,-2.9228515625,-0.8408203125,3.2431640625
0.218,-3.0029296875,-0.4404296875,2.8828125
0.2185,-2.962890625,0.2802734375,2.2021484375
0.219,-3.0830078125,1.12109375,1.521484375
0.2195,-3.283203125,1.8818359375,0.9609375
0.22,-3.4033203125,2.40234375,0.6005859375
0.2205,-3.203125,2.5625,0.240234375
0.221,-2.642578125,2.5625,-0.3603515625
0.2215,-2.0419921875,2.802734375,-1.1611328125
0.222,-1.3212890625,3.04296875,-2.1220703125
0.2225,-0.9208984375,3.2431640625,-2.7626953125
0.223,-0.5205078125,3.283203125,-3.1630859375
0.2235,-0.16015625,3.04296875,-3.3232421875
0.224,0.6005859375,2.3623046875,-3.36328125
0.2245,1.44140625,1.681640625,-3.5634765625
0.225,2.162109375,1.12109375,-3.8037109375
0.2255,2.642578125,0.880859375,-3.923828125
0.226,2.7626953125,0.560546875,-3.7236328125
0.2265,2.72265625,0.0,-3.203125
0.227,2.802734375,-0.6806640625,-2.6025390625
0.2275,2.9228515625,-1.5615234375,-1.8818359375
0.228,3.1630859375,-2.2021484375,-1.44140625
0.2285,3.1630859375,-2.642578125,-1.041015625
0.229,2.962890625,-2.8427734375,-0.6806640625
0.2295,2.3623046875,-2.8427734375,0.0
0.23,1.7216796875,-3.04296875,0.80078125
0.2305,1.12109375,-3.283203125,1.6416015625
0.231,0.720703125,-3.5634765625,2.322265625
0.2315,0.3203125,-3.4833984375,2.6025390625
0.232,-0.2001953125,-3.1630859375,2.802734375
0.2325,-1.041015625,-2.5224609375,2.962890625
0.233,-1.921875,-1.841796875,3.123046875
0.2335,-2.5625,-1.3212890625,3.36328125
0.234,-2.962890625,-1.0009765625,3.443359375
0.2345,-3.0830078125,-0.640625,3.1630859375
0.235,-3.0029296875,0.0400390625,2.482421875
0.2355,-3.123046875,0.880859375,1.841796875
0.236,-3.3232421875,1.76171875,1.12109375
0.2365,-3.4833984375,2.3623046875,0.6806640625
0.237,-3.36328125,2.642578125,0.3203125
0.2375,-2.962890625,2.72265625,-0.2001953125
0.238,-2.2021484375,2.8427734375,-1.041015625
0.2385,-1.521484375,3.04296875,-1.9619140625
0.239,-1.0009765625,3.3232421875,-2.7626953125
0.2395,-0.640625,3.4833984375,-3.283203125
0.24,-0.1201171875,3.123046875,-3.4833984375
0.2405,0.6005859375,2.482421875,-3.5234375
0.241,1.4013671875,1.76171875,-3.68359375
0.2415,2.2421875,1.201171875,-3.84375
0.242,2.7626953125,0.7607421875,-3.923828125
0.2425,2.9228515625,0.4404296875,-3.8037109375
0.243,2.9228515625,0.0400390625,-3.36328125
0.2435,2.8427734375,-0.6806640625,-2.5625
0.244,2.8828125,-1.4814453125,-1.8818359375
0.2445,3.0830078125,-2.2822265625,-1.3212890625
0.245,3.203125,-2.72265625,-1.0009765625
0.2455,2.9228515625,-2.8427734375,-0.640625
0.246,2.40234375,-2.8828125,0.0
0.2465,1.7216796875,-3.0029296875,0.7607421875
0.247,1.0810546875,-3.203125,1.6015625
0.2475,0.640625,-3.4033203125,2.2421875
0.248,0.3203125,-3.5634765625,2.642578125
0.2485,-0.16015625,-3.2431640625,2.802734375
0.249,-0.880859375,-2.6025390625,2.802734375
0.2495,-1.6416015625,-1.921875,3.0029296875
0.25,-2.40234375,-1.361328125,3.203125
0.2505,-2.8427734375,-1.0810546875,3.36328125
0.251,-2.962890625,-0.720703125,3.1630859375
0.2515,-3.0029296875,-0.2802734375,2.6826171875
0.252,-3.04296875,0.48046875,2.0419921875
0.2525,-3.203125,1.28125,1.361328125
0.253,-3.36328125,2.0419921875,0.9208984375
0.2535,-3.4833984375,2.5224609375,0.560546875
0.254,-3.203125,2.642578125,0.1201171875
0.2545,-2.5625,2.72265625,-0.640625
0.255,-1.921875,2.962890625,-1.4814453125
0.2555,-1.28125,3.2431640625,-2.40234375
0.256,-0.8408203125,3.443359375,-3.04296875
0.2565,-0.48046875,3.3232421875,-3.36328125
0.257,0.1201171875,2.9228515625,-3.5634765625
0.2575,1.041015625,2.162109375,-3.603515625
0.258,1.8818359375,1.521484375,-3.8037109375
0.2585,2.6025390625,1.0009765625,-4.00390625
0.259,2.9228515625,0.6806640625,-4.0439453125
0.2595,2.962890625,0.240234375,-3.603515625
0.26,2.8828125,-0.400390625,-2.962890625
0.2605,3.0029296875,-1.28125,-2.2021484375
0.261,3.1630859375,-2.1220703125,-1.5615234375
0.2615,3.2431640625,-2.6826171875,-1.0810546875
0.262,3.1630859375,-2.962890625,-0.720703125
0.2625,2.6826171875,-2.962890625,-0.2001953125
0.263,1.841796875,-3.04296875,0.640625
0.2635,1.201171875,-3.203125,1.5615234375
0.264,0.640625,-3.5634765625,2.2822265625
0.2645,0.3203125,-3.603515625,2.72265625
0.265,-0.2001953125,-3.283203125,2.8427734375
0.2655,-0.8408203125,-2.642578125,2.9228515625
0.266,-1.7216796875,-1.8818359375,3.04296875
0.2665,-2.4423828125,-1.3212890625,3.203125
0.267,-2.9228515625,-0.9208984375,3.3232421875
0.2675,-3.1630859375,-0.640625,3.2431640625
0.268,-3.0830078125,-0.2001953125,2.7626953125
0.2685,-3.0029296875,0.48046875,2.001953125
0.269,-3.123046875,1.28125,1.361328125
0.2695,-3.3232421875,2.08203125,0.80078125
0.27,-3.4033203125,2.5224609375,0.48046875
0.2705,-3.1630859375,2.6826171875,0.0400390625
0.271,-2.6826171875,2.7626953125,-0.5205078125
0.2715,-1.921875,2.8427734375,-1.4013671875
0.272,-1.28125,3.04296875,-2.2421875
0.2725,-0.8408203125,3.3232421875,-3.0029296875
0.273,-0.5205078125,3.4033203125,-3.36328125
0.2735,0.0400390625,3.04296875,-3.4833984375
0.274,0.7607421875,2.40234375,-3.5634765625
0.2745,1.681640625,1.6416015625,-3.763671875
0.275,2.4423828125,1.12109375,-3.9638671875
0.2755,2.8427734375,0.7607421875,-4.0439453125
0.276,3.04296875,0.400390625,-3.84375
0.2765,3.0029296875,-0.16015625,-3.283203125
0.277,2.962890625,-1.0009765625,-2.4423828125
0.2775,3.123046875,-1.841796875,-1.8017578125
0.278,3.3232421875,-2.6025390625,-1.28125
0.2785,3.3232421875,-2.962890625,-0.9208984375
0.279,2.9228515625,-3.0830078125,-0.400390625
0.2795,2.2822265625,-3.123046875,0.3203125
0.28,1.4013671875,-3.283203125,1.3212890625
0.2805,0.880859375,-3.5234375,2.1220703125
0.281,0.400390625,-3.7236328125,2.6826171875
0.2815,0.0,-3.5634765625,3.0029296875
0.282,-0.640625,-2.9228515625,3.04296875
0.2825,-1.521484375,-2.162109375,3.123046875
0.283,-2.3623046875,-1.44140625,3.2431640625
0.2835,-3.0029296875,-1.0009765625,3.4833984375
0.284,-3.203125,-0.6806640625,3.3232421875
0.2845,-3.203125,-0.2802734375,2.9228515625
0.285,-3.1630859375,0.3603515625,2.2421875
0.2855,-3.1630859375,1.28125,1.4013671875
0.286,-3.283203125,2.001953125,0.880859375
0.2865,-3.4033203125,2.5625,0.4404296875
0.287,-3.3232421875,2.802734375,0.1201171875
0.2875,-2.7626953125,2.802734375,-0.48046875
0.288,-2.08203125,2.8427734375,-1.28125
0.2885,-1.3212890625,3.0029296875,-2.2021484375
0.289,-0.8408203125,3.283203125,-2.9228515625
0.2895,-0.48046875,3.3232421875,-3.3232421875
0.29,-0.080078125,3.1630859375,-3.5234375
0.2905,0.6005859375,2.5224609375,-3.5634765625
0.291,1.4814453125,1.76171875,-3.68359375
0.2915,2.2421875,1.201171875,-3.84375
0.292,2.802734375,0.7607421875,-4.00390625
0.2925,2.962890625,0.5205078125,-3.8837890625
0.293,2.9228515625,0.0400390625,-3.36328125
0.2935,2.8828125,-0.640625,-2.72265625
0.294,2.962890625,-1.521484375,-1.921875
0.2945,3.1630859375,-2.2421875,-1.4013671875
0.295,3.203125,-2.72265625,-1.041015625
0.2955,3.0830078125,-2.9228515625,-0.640625
0.296,2.5224609375,-2.962890625,-0.080078125
0.2965,1.76171875,-3.0830078125,0.7607421875
0.297,1.1611328125,-3.36328125,1.6015625
0.2975,0.720703125,-3.5634765625,2.3623046875
0.298,0.3603515625,-3.5634765625,2.6826171875
0.2985,-0.16015625,-3.203125,2.8427734375
0.299,-0.880859375,-2.642578125,3.0029296875
0.2995,-1.8017578125,-1.8818359375,3.123046875
0.3,-2.482421875,-1.361328125,3.3232421875
0.3005,-2.962890625,-1.0009765625,3.443359375
0.301,-3.0830078125,-0.6806640625,3.2431640625
0.3015,-3.04296875,-0.1201171875,2.642578125
0.302,-3.0830078125,0.6806640625,1.921875
0.3025,-3.2431640625,1.5615234375,1.28125
0.303,-3.4833984375,2.2421875,0.7607421875
0.3035,-3.4033203125,2.5625,0.4404296875
0.304,-3.1630859375,2.6826171875,-0.080078125
0.3045,-2.482421875,2.7626953125,-0.80078125
0.305,-1.681640625,2.9228515625,-1.76171875
0.3055,-1.1611328125,3.203125,-2.5625
0.306,-0.720703125,3.443359375,-3.1630859375
0.3065,-0.3603515625,3.3232421875,-3.4033203125
0.307,0.2802734375,2.7626953125,-3.443359375
0.3075,1.12109375,2.08203125,-3.603515625
0.308,2.001953125,1.3212890625,-3.8037109375
0.3085,2.6025390625,0.9609375,-3.923828125
0.309,2.8427734375,0.6005859375,-3.84375
0.3095,2.9228515625,0.240234375,-3.5634765625
0.31,2.8427734375,-0.400390625,-2.8828125
0.3105,2.8427734375,-1.2412109375,-2.1220703125
0.311,3.04296875,-2.001953125,-1.5615234375
0.3115,3.203125,-2.6025390625,-1.1611328125
0.312,3.123046875,-2.8427734375,-0.80078125
0.3125,2.6025390625,-2.8828125,-0.3203125
0.313,2.001953125,-3.04296875,0.4404296875
0.3135,1.28125,-3.203125,1.4013671875
0.314,0.80078125,-3.4033203125,2.0419921875
0.3145,0.48046875,-3.5234375,2.5625
0.315,0.080078125,-3.36328125,2.72265625
0.3155,-0.6005859375,-2.72265625,2.7626953125
0.316,-1.361328125,-2.1220703125,2.962890625
0.3165,-2.162109375,-1.5615234375,3.123046875
0.317,-2.72265625,-1.201171875,3.3232421875
0.3175,-2.8828125,-0.9208984375,3.203125
0.318,-2.9228515625,-0.4404296875,2.8427734375
0.3185,-2.962890625,0.2001953125,2.2421875
0.319,-3.04296875,1.0009765625,1.5615234375
0.3195,-3.2431640625,1.7216796875,1.12109375
0.32,-3.36328125,2.2021484375,0.6806640625
0.3205,-3.203125,2.482421875,0.3203125
0.321,-2.72265625,2.5224609375,-0.3203125
0.3215,-2.162109375,2.7626953125,-1.041015625
0.322,-1.521484375,3.04296875,-1.921875
0.3225,-1.12109375,3.3232421875,-2.6025390625
0.323,-0.720703125,3.283203125,-3.0029296875
0.3235,-0.2802734375,3.0830078125,-3.2431640625
0.324,0.48046875,2.482421875,-3.36328125
0.3245,1.28125,1.841796875,-3.5634765625
0.325,2.0419921875,1.3212890625,-3.8037109375
0.3255,2.5625,1.0009765625,-3.9638671875
0.326,2.6826171875,0.640625,-3.8037109375
0.3265,2.6826171875,0.1201171875,-3.2431640625
0.327,2.802734375,-0.640625,-2.642578125
0.3275,2.962890625,-1.4814453125,-1.9619140625
0.328,3.1630859375,-2.2421875,-1.5615234375
0.3285,3.1630859375,-2.6025390625,-1.1611328125
0.329,2.9228515625,-2.8427734375,-0.720703125
0.3295,2.2822265625,-2.802734375,0.0
0.33,1.6416015625,-3.0029296875,0.880859375
0.3305,1.12109375,-3.283203125,1.6416015625
0.331,0.720703125,-3.5234375,2.2421875
0.3315,0.2802734375,-3.36328125,2.5224609375
0.332,-0.2802734375,-2.9228515625,2.6826171875
0.3325,-1.0009765625,-2.322265625,2.8427734375
0.333,-1.841796875,-1.76171875,3.04296875
0.3335,-2.4423828125,-1.3212890625,3.203125
0.334,-2.72265625,-1.0009765625,3.203125
0.3345,-2.8427734375,-0.640625,2.962890625
0.335,-2.802734375,0.0,2.3623046875
0.3355,-2.9228515625,0.6806640625,1.76171875
0.336,-3.1630859375,1.4013671875,1.201171875
0.3365,-3.3232421875,1.9619140625,0.80078125
0.337,-3.203125,2.2421875,0.4404296875
0.3375,-2.8828125,2.482421875,0.0
0.338,-2.2822265625,2.6025390625,-0.720703125
0.3385,-1.681640625,2.802734375,-1.5615234375
0.339,-1.28125,3.123046875,-2.2822265625
0.3395,-0.9208984375,3.2431640625,-2.802734375
0.34,-0.5205078125,3.123046875,-3.04296875
0.3405,0.1201171875,2.6025390625,-3.1630859375
0.341,0.880859375,2.08203125,-3.36328125
0.3415,1.6416015625,1.5615234375,-3.603515625
0.342,2.2021484375,1.2412109375,-3.84375
0.3425,2.482421875,0.880859375,-3.763671875
0.343,2.6025390625,0.4404296875,-3.443359375
0.3435,2.642578125,-0.2001953125,-2.8828125
0.344,2.802734375,-1.0009765625,-2.322265625
0.3445,3.04296875,-1.76171875,-1.8818359375
0.345,3.1630859375,-2.2822265625,-1.44140625
0.3455,3.04296875,-2.5224609375,-1.041015625
0.346,2.5625,-2.642578125,-0.4404296875
0.3465,2.0419921875,-2.8828125,0.2802734375
0.347,1.44140625,-3.1630859375,1.1611328125
0.3475,1.0810546875,-3.4033203125,1.841796875
0.348,0.640625,-3.4833984375,2.2421875
0.3485,0.2001953125,-3.2431640625,2.5224609375
0.349,-0.560546875,-2.6826171875,2.6826171875
0.3495,-1.3212890625,-2.1220703125,2.8828125
0.35,-2.08203125,-1.6015625,3.1630859375
0.3505,-2.5625,-1.3212890625,3.3232421875
0.351,-2.72265625,-0.9208984375,3.123046875
0.3515,-2.802734375,-0.3603515625,2.642578125
0.352,-2.9228515625,0.2802734375,2.0419921875
0.3525,-3.0830078125,1.12109375,1.44140625
0.353,-3.283203125,1.76171875,1.0009765625
0.3535,-3.3232421875,2.2421875,0.640625
0.354,-3.0830078125,2.40234375,0.240234375
0.3545,-2.4423828125,2.5224609375,-0.5205078125
0.355,-1.921875,2.7626953125,-1.3212890625
0.3555,-1.361328125,3.0830078125,-2.1220703125
0.356,-1.0009765625,3.283203125,-2.72265625
0.3565,-0.6005859375,3.1630859375,-2.962890625
0.357,0.0,2.802734375,-3.1630859375
0.3575,0.7607421875,2.162109375,-3.36328125
0.358,1.5615234375,1.6015625,-3.5634765625
0.3585,2.162109375,1.201171875,-3.763671875
0.359,2.5224609375,0.880859375,-3.84375
0.3595,2.6025390625,0.5205078125,-3.5634765625
0.36,2.5625,-0.16015625,-2.962890625
0.3605,2.72265625,-0.9208984375,-2.40234375
0.361,2.9228515625,-1.681640625,-1.8017578125
0.3615,3.123046875,-2.2021484375,-1.44140625
0.362,3.0029296875,-2.5224609375,-1.0009765625
0.3625,2.6826171875,-2.6826171875,-0.5205078125
0.363,2.08203125,-2.8427734375,0.240234375
0.3635,1.521484375,-3.0830078125,1.0009765625
0.364,1.041015625,-3.3232421875,1.76171875
0.3645,0.720703125,-3.5634765625,2.2822265625
0.365,0.2802734375,-3.2431640625,2.482421875
0.3655,-0.400390625,-2.802734375,2.642578125
0.366,-1.201171875,-2.2421875,2.8427734375
0.3665,-1.9619140625,-1.681640625,3.123046875
0.367,-2.5224609375,-1.3212890625,3.283203125
0.3675,-2.7626953125,-1.0009765625,3.1630859375
0.368,-2.8427734375,-0.6005859375,2.8427734375
0.3685,-2.8828125,0.16015625,2.2021484375
0.369,-3.0830078125,0.9609375,1.6416015625
0.3695,-3.2431640625,1.7216796875,1.12109375
0.37,-3.4033203125,2.2021484375,0.7607421875
0.3705,-3.1630859375,2.40234375,0.3203125
0.371,-2.6826171875,2.5224609375,-0.3203125
0.3715,-2.08203125,2.7626953125,-1.1611328125
0.372,-1.4814453125,3.04296875,-2.001953125
0.3725,-1.041015625,3.283203125,-2.642578125
0.373,-0.6806640625,3.3232421875,-3.0830078125
0.3735,-0.16015625,3.0029296875,-3.2431640625
0.374,0.6005859375,2.322265625,-3.36328125
0.3745,1.44140625,1.7216796875,-3.5634765625
0.375,2.2021484375,1.2412109375,-3.8037109375
0.3755,2.6025390625,0.9208984375,-3.923828125
0.376,2.6826171875,0.48046875,-3.6435546875
0.3765,2.6826171875,0.0,-3.1630859375
0.377,2.802734375,-0.8408203125,-2.4423828125
0.3775,2.962890625,-1.6015625,-1.8017578125
0.378,3.123046875,-2.2822265625,-1.361328125
0.3785,3.1630859375,-2.642578125,-1.041015625
0.379,2.802734375,-2.72265625,-0.6005859375
0.3795,2.2021484375,-2.8427734375,0.16015625
0.38,1.521484375,-3.04296875,0.9609375
0.3805,1.0009765625,-3.3232421875,1.8017578125
0.381,0.6005859375,-3.4833984375,2.322265625
0.3815,0.240234375,-3.36328125,2.5625
0.382,-0.3603515625,-2.8828125,2.72265625
0.3825,-1.201171875,-2.2421875,2.8427734375
0.383,-1.921875,-1.681640625,3.04296875
0.3835,-2.5625,-1.2412109375,3.2431640625
0.384,-2.8427734375,-1.0009765625,3.283203125
0.3845,-2.8828125,-0.640625,2.8828125
0.385,-2.8828125,0.080078125,2.322265625
0.3855,-3.04296875,0.880859375,1.681640625
0.386,-3.203125,1.6015625,1.12109375
0.3865,-3.3232421875,2.162109375,0.7607421875
0.387,-3.203125,2.4423828125,0.3603515625
0.3875,-2.8427734375,2.5625,-0.16015625
0.388,-2.2021484375,2.6826171875,-0.9609375
0.3885,-1.6015625,2.9228515625,-1.8017578125
0.389,-1.1611328125,3.203125,-2.5224609375
0.3895,-0.80078125,3.3232421875,-2.962890625
0.39,-0.3203125,3.04296875,-3.1630859375
0.3905,0.3203125,2.5625,-3.283203125
0.391,1.201171875,1.921875,-3.5234375
0.3915,1.921875,1.4013671875,-3.7236328125
0.392,2.4423828125,0.9609375,-3.84375
0.3925,2.6826171875,0.640625,-3.8037109375
0.393,2.72265625,0.240234375,-3.36328125
0.3935,2.72265625,-0.5205078125,-2.6826171875
0.394,2.8427734375,-1.28125,-2.08203125
0.3945,3.123046875,-2.0419921875,-1.5615234375
0.395,3.1630859375,-2.482421875,-1.2412109375
0.3955,2.9228515625,-2.6826171875,-0.80078125
0.396,2.482421875,-2.802734375,-0.2001953125
0.3965,1.76171875,-2.962890625,0.6806640625
0.397,1.2412109375,-3.203125,1.4814453125
0.3975,0.80078125,-3.4833984375,2.162109375
0.398,0.4404296875,-3.5234375,2.5224609375
0.3985,-0.1201171875,-3.0830078125,2.6826171875
0.399,-0.880859375,-2.5224609375,2.8427734375
0.3995,-1.681640625,-1.841796875,3.04296875
0.4,-2.4423828125,-1.44140625,3.2431640625
0.4005,-2.802734375,-1.12109375,3.3232421875
0.401,-2.9228515625,-0.6806640625,3.04296875
0.4015,-2.9228515625,-0.16015625,2.5224609375
0.402,-2.962890625,0.6806640625,1.841796875
0.4025,-3.203125,1.4013671875,1.28125
0.403,-3.36328125,2.1220703125,0.80078125
0.4035,-3.36328125,2.482421875,0.48046875
0.404,-2.962890625,2.5625,0.0
0.4045,-2.3623046875,2.6826171875,-0.7607421875
0.405,-1.6416015625,2.8828125,-1.6416015625
0.4055,-1.1611328125,3.1630859375,-2.4423828125
0.406,-0.80078125,3.3232421875,-2.962890625
0.4065,-0.400390625,3.203125,-3.2431640625
0.407,0.2802734375,2.6826171875,-3.36328125
0.4075,1.0009765625,1.921875,-3.5634765625
0.408,1.921875,1.4013671875,-3.7236328125
0.4085,2.5224609375,0.9609375,-3.923828125
0.409,2.802734375,0.6806640625,-3.8837890625
0.4095,2.802734375,0.2802734375,-3.4833984375
0.41,2.802734375,-0.400390625,-2.8828125
0.4105,2.8427734375,-1.2412109375,-2.1220703125
0.411,3.04296875,-1.9619140625,-1.6015625
0.4115,3.1630859375,-2.5625,-1.1611328125
0.412,3.123046875,-2.802734375,-0.8408203125
0.4125,2.5625,-2.8427734375,-0.3203125
0.413,1.921875,-2.9228515625,0.560546875
0.4135,1.28125,-3.203125,1.4013671875
0.414,0.8408203125,-3.4833984375,2.162109375
0.4145,0.4404296875,-3.5234375,2.5224609375
0.415,0.0,-3.2431640625,2.72265625
0.4155,-0.640625,-2.642578125,2.8427734375
0.416,-1.6015625,-1.9619140625,3.04296875
0.4165,-2.322265625,-1.4814453125,3.203125
0.417,-2.8427734375,-1.0810546875,3.36328125
0.4175,-3.04296875,-0.80078125,3.2431640625
0.418,-2.962890625,-0.2802734375,2.6826171875
0.4185,-3.04296875,0.48046875,2.0419921875
0.419,-3.203125,1.3212890625,1.361328125
0.4195,-3.4033203125,2.0419921875,0.9208984375
0.42,-3.4033203125,2.482421875,0.5205078125
0.4205,-3.203125,2.6826171875,0.080078125
0.421,-2.5625,2.72265625,-0.6005859375
0.4215,-1.841796875,2.8828125,-1.4814453125
0.422,-1.28125,3.1630859375,-2.322265625
0.4225,-0.80078125,3.443359375,-3.04296875
0.423,-0.48046875,3.36328125,-3.3232421875
0.4235,0.1201171875,2.9228515625,-3.36328125
0.424,0.9208984375,2.2421875,-3.5634765625
0.4245,1.921875,1.44140625,-3.84375
0.425,2.5224609375,1.041015625,-3.923828125
0.4255,2.8427734375,0.640625,-3.923828125
0.426,2.9228515625,0.3203125,-3.68359375
0.4265,2.8427734375,-0.3203125,-2.962890625
0.427,2.8828125,-1.1611328125,-2.2822265625
0.4275,3.0830078125,-1.9619140625,-1.6015625
0.428,3.2431640625,-2.6025390625,-1.201171875
0.4285,3.1630859375,-2.8427734375,-0.8408203125
0.429,2.72265625,-2.9228515625,-0.3203125
0.4295,2.08203125,-3.04296875,0.4404296875
0.43,1.28125,-3.203125,1.361328125
0.4305,0.80078125,-3.443359375,2.08203125
0.431,0.4404296875,-3.5634765625,2.642578125
0.4315,0.0400390625,-3.4033203125,2.8427734375
0.432,-0.640625,-2.8427734375,2.8427734375
0.4325,-1.361328125,-2.08203125,2.9228515625
0.433,-2.2822265625,-1.44140625,3.203125
0.4335,-2.8427734375,-1.12109375,3.4033203125
0.434,-3.04296875,-0.7607421875,3.2431640625
0.4345,-3.0830078125,-0.3203125,2.8427734375
0.435,-3.0029296875,0.3203125,2.2421875
0.4355,-3.0830078125,1.1611328125,1.44140625
0.436,-3.283203125,1.921875,0.9609375
0.4365,-3.4033203125,2.4423828125,0.560546875
0.437,-3.2431640625,2.642578125,0.2001953125
0.4375,-2.72265625,2.642578125,-0.400390625
0.438,-2.08203125,2.8427734375,-1.1611328125
0.4385,-1.4013671875,3.04296875,-2.08203125
0.439,-1.0009765625,3.3232421875,-2.802734375
0.4395,-0.640625,3.3232421875,-3.203125
0.44,-0.16015625,3.0830078125,-3.4033203125
0.4405,0.640625,2.482421875,-3.5234375
0.441,1.44140625,1.76171875,-3.6435546875
0.4415,2.2421875,1.201171875,-3.84375
0.442,2.7626953125,0.880859375,-4.0439453125
0.4425,2.8828125,0.560546875,-3.84375
0.443,2.8427734375,0.0,-3.283203125
0.4435,2.9228515625,-0.7607421875,-2.642578125
0.444,3.04296875,-1.6416015625,-1.8818359375
0.4445,3.2431640625,-2.3623046875,-1.4013671875
0.445,3.2431640625,-2.8427734375,-1.0009765625
0.4455,3.04296875,-2.962890625,-0.6005859375
0.446,2.322265625,-2.962890625,0.1201171875
0.4465,1.6015625,-3.1630859375,1.041015625
0.447,1.0009765625,-3.4033203125,1.921875
0.4475,0.6005859375,-3.7236328125,2.5625
0.448,0.16015625,-3.5634765625,2.802734375
0.4485,-0.4404296875,-3.0830078125,2.8828125
0.449,-1.28125,-2.322265625,3.04296875
0.4495,-2.1220703125,-1.6416015625,3.203125
0.45,-2.7626953125,-1.1611328125,3.36328125
0.4505,-3.123046875,-0.80078125,3.4033203125
0.451,-3.1630859375,-0.48046875,3.0830078125
0.4515,-3.04296875,0.16015625,2.3623046875
0.452,-3.123046875,1.0009765625,1.6416015625
0.4525,-3.283203125,1.8818359375,0.9609375
0.453,-3.443359375,2.40234375,0.6005859375
0.4535,-3.283203125,2.6826171875,0.2001953125
0.454,-2.9228515625,2.7626953125,-0.2802734375
0.4545,-2.162109375,2.802734375,-1.12109375
0.455,-1.44140625,3.0029296875,-1.9619140625
0.4555,-0.9609375,3.203125,-2.7626953125
0.456,-0.640625,3.4033203125,-3.283203125
0.4565,-0.16015625,3.123046875,-3.4833984375
0.457,0.48046875,2.5625,-3.5234375
0.4575,1.3212890625,1.921875,-3.6435546875
0.458,2.162109375,1.2412109375,-3.84375
0.4585,2.6826171875,0.880859375,-4.00390625
0.459,2.9228515625,0.5205078125,-3.8837890625
0.4595,2.962890625,0.1201171875,-3.5234375
0.46,2.8427734375,-0.6005859375,-2.72265625
0.4605,2.962890625,-1.44140625,-2.001953125
0.461,3.1630859375,-2.2421875,-1.44140625
0.4615,3.3232421875,-2.7626953125,-1.0810546875
0.462,3.0830078125,-2.9228515625,-0.6806640625
0.4625,2.5224609375,-2.962890625,-0.1201171875
0.463,1.841796875,-3.0830078125,0.7607421875
0.4635,1.1611328125,-3.36328125,1.6416015625
0.464,0.640625,-3.603515625,2.3623046875
0.4645,0.3203125,-3.68359375,2.7626953125
0.465,-0.2001953125,-3.283203125,2.962890625
0.4655,-1.0009765625,-2.5625,3.0029296875
0.466,-1.841796875,-1.8818359375,3.1630859375
0.4665,-2.642578125,-1.28125,3.4033203125
0.467,-3.0830078125,-1.0009765625,3.5234375
0.4675,-3.1630859375,-0.6005859375,3.1630859375
0.468,-3.123046875,0.0,2.6826171875
0.4685,-3.1630859375,0.7607421875,1.921875
0.469,-3.2431640625,1.6015625,1.201171875
0.4695,-3.443359375,2.322265625,0.6806640625
0.47,-3.4833984375,2.72265625,0.3203125
0.4705,-3.0830078125,2.802734375,-0.16015625
0.471,-2.3623046875,2.802734375,-0.8408203125
0.4715,-1.681640625,2.9228515625,-1.76171875
0.472,-1.041015625,3.203125,-2.642578125
0.4725,-0.640625,3.3232421875,-3.203125
0.473,-0.2802734375,3.283203125,-3.4833984375
0.4735,0.3203125,2.8427734375,-3.603515625
0.474,1.2412109375,2.001953125,-3.6435546875
0.4745,2.001953125,1.361328125,-3.8037109375
0.475,2.6826171875,0.880859375,-3.9638671875
0.4755,3.0029296875,0.6005859375,-4.00390625
0.476,3.0029296875,0.16015625,-3.5634765625
0.4765,2.9228515625,-0.48046875,-2.9228515625
0.477,2.962890625,-1.28125,-2.162109375
0.4775,3.123046875,-2.1220703125,-1.4814453125
0.478,3.2431640625,-2.6826171875,-1.12109375
0.4785,3.1630859375,-2.962890625,-0.6806640625
0.479,2.72265625,-3.04296875,-0.2802734375
0.4795,1.921875,-3.0830078125,0.560546875
0.48,1.2412109375,-3.2431640625,1.44140625
0.4805,0.6806640625,-3.5634765625,2.2421875
0.481,0.3603515625,-3.603515625,2.72265625
0.4815,-0.080078125,-3.36328125,2.8427734375
0.482,-0.720703125,-2.802734375,2.962890625
0.4825,-1.6015625,-2.001953125,3.0830078125
0.483,-2.322265625,-1.44140625,3.2431640625
0.4835,-2.8828125,-1.0009765625,3.36328125
0.484,-3.123046875,-0.720703125,3.3232421875
0.4845,-3.0830078125,-0.3203125,2.8427734375
0.485,-3.04296875,0.3603515625,2.162109375
0.4855,-3.1630859375,1.201171875,1.4814453125
0.486,-3.36328125,2.001953125,0.9208984375
0.4865,-3.443359375,2.4423828125,0.560546875
0.487,-3.203125,2.642578125,0.1201171875
0.4875,-2.72265625,2.6826171875,-0.48046875
0.488,-1.9619140625,2.7626953125,-1.28125
0.4885,-1.4013671875,3.04296875,-2.1220703125
0.489,-0.9208984375,3.3232421875,-2.8828125
0.4895,-0.6005859375,3.443359375,-3.2431640625
0.49,-0.080078125,3.04296875,-3.36328125
0.4905,0.640625,2.40234375,-3.5634765625
0.491,1.521484375,1.7216796875,-3.6435546875
0.4915,2.2421875,1.201171875,-3.8837890625
0.492,2.72265625,0.8408203125,-3.923828125
0.4925,2.8427734375,0.48046875,-3.8037109375
0.493,2.8427734375,0.0,-3.283203125
0.4935,2.8427734375,-0.80078125,-2.5224609375
0.494,3.0029296875,-1.6015625,-1.8818359375
0.4945,3.203125,-2.3623046875,-1.361328125
0.495,3.283203125,-2.72265625,-1.041015625
0.4955,2.8828125,-2.8828125,-0.6005859375
0.496,2.322265625,-2.962890625,0.080078125
0.4965,1.5615234375,-3.123046875,0.9609375
0.497,1.0009765625,-3.36328125,1.8017578125
0.4975,0.6005859375,-3.5634765625,2.4423828125
0.498,0.2802734375,-3.5634765625,2.72265625
0.4985,-0.3603515625,-3.04296875,2.8427734375
0.499,-1.1611328125,-2.322265625,2.9228515625
0.4995,-1.9619140625,-1.681640625,3.123046875
0.5,-2.642578125,-1.2412109375,3.36328125
0.5005,-2.9228515625,-0.9609375,3.3232421875
0.501,-2.962890625,-0.5205078125,3.0029296875
0.5015,-2.962890625,0.0400390625,2.4423828125
0.502,-3.04296875,0.880859375,1.681640625
0.5025,-3.203125,1.6015625,1.12109375
0.503,-3.36328125,2.2421875,0.6806640625
0.5035,-3.3232421875,2.482421875,0.3203125
0.504,-2.8828125,2.5224609375,-0.16015625
0.5045,-2.2822265625,2.642578125,-0.9208984375
0.505,-1.6015625,2.8828125,-1.76171875
0.5055,-1.1611328125,3.1630859375,-2.5224609375
0.506,-0.720703125,3.3232421875,-2.962890625
0.5065,-0.3603515625,3.1630859375,-3.203125
0.507,0.2802734375,2.642578125,-3.283203125
0.5075,1.0810546875,1.9619140625,-3.443359375
0.508,1.841796875,1.4013671875,-3.68359375
0.5085,2.40234375,1.041015625,-3.84375
0.509,2.6826171875,0.7607421875,-3.84375
0.5095,2.6826171875,0.3203125,-3.4033203125
0.51,2.72265625,-0.3203125,-2.8427734375
0.5105,2.8427734375,-1.1611328125,-2.2021484375
0.511,3.04296875,-1.8818359375,-1.681640625
0.5115,3.1630859375,-2.40234375,-1.3212890625
0.512,3.04296875,-2.72265625,-0.9208984375
0.5125,2.6025390625,-2.8427734375,-0.400390625
0.513,1.9619140625,-2.8828125,0.4404296875
0.5135,1.4013671875,-3.1630859375,1.2412109375
0.514,0.9609375,-3.4833984375,1.9619140625
0.5145,0.6005859375,-3.5634765625,2.40234375
0.515,0.1201171875,-3.203125,2.6025390625
0.5155,-0.6005859375,-2.7626953125,2.7626953125
0.516,-1.44140625,-2.08203125,2.962890625
0.5165,-2.162109375,-1.6015625,3.1630859375
0.517,-2.642578125,-1.2412109375,3.3232421875
0.5175,-2.8427734375,-0.9208984375,3.203125
0.518,-2.8828125,-0.400390625,2.6826171875
0.5185,-2.9228515625,0.3603515625,2.0419921875
0.519,-3.123046875,1.201171875,1.4814453125
0.5195,-3.3232421875,1.8818359375,0.9609375
0.52,-3.36328125,2.2421875,0.6005859375
0.5205,-3.0830078125,2.40234375,0.16015625
0.521,-2.5625,2.6025390625,-0.48046875
0.5215,-1.8818359375,2.802734375,-1.3212890625
0.522,-1.361328125,3.04296875,-2.1220703125
0.5225,-1.0009765625,3.283203125,-2.7626953125
0.523,-0.640625,3.2431640625,-3.0830078125
0.5235,0.0,2.802734375,-3.203125
0.524,0.7607421875,2.2421875,-3.36328125
0.5245,1.5615234375,1.5615234375,-3.5634765625
0.525,2.2021484375,1.201171875,-3.84375
0.5255,2.5224609375,0.880859375,-3.8037109375
0.526,2.6025390625,0.5205078125,-3.5634765625
0.5265,2.642578125,0.0,-3.04296875
0.527,2.6826171875,-0.8408203125,-2.322265625
0.5275,2.8828125,-1.5615234375,-1.841796875
0.528,3.123046875,-2.2421875,-1.44140625
0.5285,3.04296875,-2.5625,-1.1611328125
0.529,2.6826171875,-2.6025390625,-0.6005859375
0.5295,2.2021484375,-2.7626953125,0.080078125
0.53,1.5615234375,-2.962890625,0.9208984375
0.5305,1.12109375,-3.2431640625,1.6015625
0.531,0.7607421875,-3.4033203125,2.1220703125
0.5315,0.3603515625,-3.283203125,2.40234375
0.532,-0.240234375,-2.8828125,2.5625
0.5325,-1.0009765625,-2.322265625,2.72265625
0.533,-1.681640625,-1.8017578125,2.962890625
0.5335,-2.322265625,-1.44140625,3.203125
0.534,-2.6025390625,-1.1611328125,3.203125
0.5345,-2.72265625,-0.6806640625,2.8427734375
0.535,-2.8427734375,-0.080078125,2.40234375
0.5355,-2.962890625,0.640625,1.76171875
0.536,-3.203125,1.361328125,1.3212890625
0.5365,-3.36328125,1.921875,0.9208984375
0.537,-3.203125,2.2822265625,0.5205078125
0.5375,-2.802734375,2.40234375,0.0
0.538,-2.2822265625,2.642578125,-0.80078125
0.5385,-1.7216796875,2.9228515625,-1.6416015625
0.539,-1.28125,3.203125,-2.3623046875
0.5395,-0.9208984375,3.283203125,-2.802734375
0.54,-0.4404296875,3.0830078125,-3.0830078125
0.5405,0.2802734375,2.5625,-3.2431640625
0.541,1.12109375,1.921875,-3.4833984375
0.5415,1.8818359375,1.4814453125,-3.7236328125
0.542,2.40234375,1.0810546875,-3.8837890625
0.5425,2.5625,0.7607421875,-3.763671875
0.543,2.6025390625,0.240234375,-3.203125
0.5435,2.72265625,-0.560546875,-2.6826171875
0.544,2.8828125,-1.361328125,-2.08203125
0.5445,3.123046875,-2.08203125,-1.6015625
0.545,3.123046875,-2.40234375,-1.2412109375
0.5455,2.8828125,-2.6025390625,-0.80078125
0.546,2.3623046875,-2.72265625,-0.16015625
0.5465,1.7216796875,-2.9228515625,0.720703125
0.547,1.2412109375,-3.203125,1.521484375
0.5475,0.80078125,-3.4833984375,2.162109375
0.548,0.4404296875,-3.36328125,2.4423828125
0.5485,-0.16015625,-2.962890625,2.5625
0.549,-0.880859375,-2.4423828125,2.7626953125
0.5495,-1.7216796875,-1.8017578125,2.962890625
0.55,-2.322265625,-1.44140625,3.203125
0.5505,-2.642578125,-1.12109375,3.203125
0.551,-2.802734375,-0.720703125,3.0029296875
0.5515,-2.802734375,-0.2001953125,2.40234375
0.552,-2.8828125,0.560546875,1.8017578125
0.5525,-3.1630859375,1.3212890625,1.28125
0.553,-3.3232421875,1.9619140625,0.880859375
0.5535,-3.203125,2.2822265625,0.5205078125
0.554,-2.8828125,2.40234375,0.0
0.5545,-2.3623046875,2.6025390625,-0.6806640625
0.555,-1.76171875,2.8427734375,-1.5615234375
0.5555,-1.28125,3.123046875,-2.2822265625
0.556,-0.9208984375,3.283203125,-2.802734375
0.5565,-0.5205078125,3.1630859375,-3.0830078125
0.557,0.16015625,2.642578125,-3.203125
0.5575,0.9208984375,2.08203125,-3.36328125
0.558,1.7216796875,1.521484375,-3.6435546875
0.5585,2.322265625,1.1611328125,-3.8837890625
0.559,2.5625,0.80078125,-3.8037109375
0.5595,2.6826171875,0.2802734375,-3.4833984375
0.56,2.72265625,-0.3603515625,-2.8828125
0.5605,2.8427734375,-1.201171875,-2.2021484375
0.561,3.123046875,-1.8818359375,-1.681640625
0.5615,3.203125,-2.4423828125,-1.28125
0.562,3.0830078125,-2.642578125,-0.9208984375
0.5625,2.5224609375,-2.72265625,-0.3203125
0.563,1.921875,-2.962890625,0.5205078125
0.5635,1.3212890625,-3.2431640625,1.4013671875
0.564,0.880859375,-3.5234375,2.1220703125
0.5645,0.48046875,-3.5234375,2.482421875
0.565,0.0,-3.203125,2.6826171875
0.5655,-0.80078125,-2.5625,2.8427734375
0.566,-1.6416015625,-1.921875,3.0029296875
0.5665,-2.40234375,-1.4013671875,3.203125
0.567,-2.8427734375,-1.0810546875,3.36328125
0.5675,-2.8828125,-0.80078125,3.123046875
0.568,-2.8828125,-0.2001953125,2.5224609375
0.5685,-2.962890625,0.560546875,1.921875
0.569,-3.1630859375,1.44140625,1.2412109375
0.5695,-3.36328125,2.0419921875,0.8408203125
0.57,-3.283203125,2.40234375,0.4404296875
0.5705,-3.04296875,2.5625,0.0400390625
0.571,-2.3623046875,2.6025390625,-0.6806640625
0.5715,-1.7216796875,2.8427734375,-1.5615234375
0.572,-1.201171875,3.123046875,-2.322265625
0.5725,-0.8408203125,3.3232421875,-2.9228515625
0.573,-0.4404296875,3.1630859375,-3.1630859375
0.5735,0.1201171875,2.72265625,-3.2431640625
0.574,0.9208984375,2.08203125,-3.443359375
0.5745,1.7216796875,1.521484375,-3.603515625
0.575,2.322265625,1.0810546875,-3.8037109375
0.5755,2.642578125,0.720703125,-3.84375
0.576,2.72265625,0.3603515625,-3.5634765625
0.5765,2.642578125,-0.2802734375,-2.9228515625
0.577,2.7626953125,-0.9609375,-2.322265625
0.5775,3.0029296875,-1.76171875,-1.7216796875
0.578,3.1630859375,-2.2822265625,-1.361328125
0.5785,3.04296875,-2.5625,-1.0009765625
0.579,2.6826171875,-2.72265625,-0.5205078125
0.5795,2.08203125,-2.8828125,0.240234375
0.58,1.4814453125,-3.0830078125,1.0810546875
0.5805,1.0009765625,-3.36328125,1.8017578125
0.581,0.6806640625,-3.5634765625,2.3623046875
0.5815,0.240234375,-3.36328125,2.5625
0.582,-0.400390625,-2.802734375,2.6826171875
0.5825,-1.201171875,-2.2822265625,2.8828125
0.583,-2.001953125,-1.681640625,3.123046875
0.5835,-2.5625,-1.361328125,3.3232421875
0.584,-2.802734375,-1.0009765625,3.203125
0.5845,-2.9228515625,-0.6005859375,2.8427734375
0.585,-2.9228515625,0.2001953125,2.2421875
0.5855,-3.0830078125,1.0009765625,1.6015625
0.586,-3.3232421875,1.76171875,1.12109375
0.5865,-3.4833984375,2.322265625,0.6806640625
0.587,-3.2431640625,2.482421875,0.2802734375
0.5875,-2.6826171875,2.5625,-0.3603515625
0.588,-2.0419921875,2.802734375,-1.201171875
0.5885,-1.44140625,3.123046875,-2.08203125
0.589,-1.0009765625,3.3232421875,-2.7626953125
0.5895,-0.640625,3.3232421875,-3.1630859375
0.59,-0.080078125,3.0029296875,-3.3232421875
0.5905,0.720703125,2.2822265625,-3.4033203125
0.591,1.521484375,1.6416015625,-3.603515625
0.5915,2.2822265625,1.0810546875,-3.8837890625
0.592,2.6826171875,0.7607421875,-3.923828125
0.5925,2.7626953125,0.400390625,-3.68359375
0.593,2.72265625,-0.080078125,-3.0830078125
0.5935,2.802734375,-0.9208984375,-2.40234375
0.594,2.962890625,-1.681640625,-1.76171875
0.5945,3.1630859375,-2.322265625,-1.28125
0.595,3.1630859375,-2.72265625,-0.9609375
0.5955,2.802734375,-2.8427734375,-0.5205078125
0.596,2.1220703125,-2.8427734375,0.2001953125
0.5965,1.4814453125,-3.0830078125,1.0810546875
0.597,0.9609375,-3.36328125,1.921875
0.5975,0.6005859375,-3.5234375,2.40234375
0.598,0.16015625,-3.36328125,2.642578125
0.5985,-0.400390625,-2.8828125,2.7626953125
0.599,-1.2412109375,-2.2421875,2.8828125
0.5995,-1.9619140625,-1.681640625,3.04296875
0.6,-2.6025390625,-1.28125,3.2431640625
0.6005,-2.9228515625,-1.0009765625,3.283203125
0.601,-2.9228515625,-0.560546875,2.9228515625
0.6015,-2.8828125,0.1201171875,2.2822265625
0.602,-3.0029296875,0.880859375,1.681640625
0.6025,-3.2431640625,1.681640625,1.12109375
0.603,-3.36328125,2.2421875,0.7607421875
0.6035,-3.2431640625,2.5224609375,0.3203125
0.604,-2.8828125,2.6025390625,-0.16015625
0.6045,-2.2021484375,2.72265625,-1.0009765625
0.605,-1.6015625,3.0029296875,-1.841796875
0.6055,-1.0810546875,3.283203125,-2.642578125
0.606,-0.720703125,3.4833984375,-3.1630859375
0.6065,-0.2802734375,3.1630859375,-3.283203125
0.607,0.48046875,2.5625,-3.4833984375
0.6075,1.361328125,1.841796875,-3.6435546875
0.608,2.162109375,1.28125,-3.8837890625
0.6085,2.642578125,0.880859375,-4.0439453125
0.609,2.8828125,0.560546875,-3.8837890625
0.6095,2.8828125,0.080078125,-3.4033203125
0.61,2.8427734375,-0.720703125,-2.6025390625
0.6105,3.04296875,-1.6015625,-1.9619140625
0.611,3.2431640625,-2.40234375,-1.361328125
0.6115,3.3232421875,-2.802734375,-1.0009765625
0.612,2.962890625,-2.9228515625,-0.6005859375
0.6125,2.40234375,-2.962890625,0.1201171875
0.613,1.5615234375,-3.123046875,1.041015625
0.6135,1.0009765625,-3.36328125,1.8818359375
0.614,0.560546875,-3.5634765625,2.5224609375
0.6145,0.16015625,-3.5634765625,2.8427734375
0.615,-0.400390625,-3.04296875,2.9228515625
0.6155,-1.2412109375,-2.322265625,3.0029296875
0.616,-2.08203125,-1.6416015625,3.1630859375
0.6165,-2.7626953125,-1.1611328125,3.3232421875
0.617,-3.0830078125,-0.80078125,3.3232421875
0.6175,-3.0830078125,-0.4404296875,3.04296875
0.618,-3.04296875,0.1201171875,2.40234375
0.6185,-3.0830078125,0.9609375,1.6015625
0.619,-3.203125,1.681640625,1.0810546875
0.6195,-3.36328125,2.3623046875,0.6005859375
0.62,-3.36328125,2.642578125,0.2802734375
0.6205,-2.8828125,2.6826171875,-0.2802734375
0.621,-2.2822265625,2.72265625,-0.9609375
0.6215,-1.5615234375,2.9228515625,-1.841796875
0.622,-1.041015625,3.203125,-2.6025390625
0.6225,-0.640625,3.36328125,-3.123046875
0.623,-0.3203125,3.203125,-3.36328125
0.6235,0.3203125,2.6826171875,-3.4833984375
0.624,1.12109375,1.921875,-3.5634765625
0.6245,1.921875,1.3212890625,-3.763671875
0.625,2.5625,0.9609375,-3.923828125
0.6255,2.8427734375,0.6806640625,-3.923828125
0.626,2.8427734375,0.240234375,-3.5234375
0.6265,2.8427734375,-0.400390625,-2.9228515625
0.627,2.9228515625,-1.2412109375,-2.162109375
0.6275,3.123046875,-2.001953125,-1.6015625
0.628,3.2431640625,-2.5625,-1.201171875
0.6285,3.1630859375,-2.8828125,-0.80078125
0.629,2.6826171875,-2.8828125,-0.3203125
0.6295,1.9619140625,-3.04296875,0.560546875
0.63,1.28125,-3.203125,1.4013671875
0.6305,0.8408203125,-3.5634765625,2.2421875
0.631,0.4404296875,-3.603515625,2.642578125
0.6315,0.0,-3.4033203125,2.8427734375
0.632,-0.80078125,-2.802734375,2.962890625
0.6325,-1.681640625,-2.001953125,3.0830078125
0.633,-2.4423828125,-1.44140625,3.3232421875
0.6335,-2.962890625,-1.0009765625,3.4833984375
0.634,-3.1630859375,-0.720703125,3.3232421875
0.6345,-3.0830078125,-0.16015625,2.6826171875
0.635,-3.0830078125,0.6005859375,2.001953125
0.6355,-3.203125,1.521484375,1.2412109375
0.636,-3.4833984375,2.2421875,0.7607421875
0.6365,-3.4033203125,2.6025390625,0.400390625
0.637,-3.1630859375,2.72265625,0.0
0.6375,-2.482421875,2.802734375,-0.720703125
0.638,-1.681640625,2.9228515625,-1.6416015625
0.6385,-1.12109375,3.1630859375,-2.482421875
0.639,-0.720703125,3.4033203125,-3.1630859375
0.6395,-0.3603515625,3.283203125,-3.4033203125
0.64,0.240234375,2.802734375,-3.4833984375
0.6405,1.0009765625,2.08203125,-3.603515625
0.641,1.921875,1.4013671875,-3.7236328125
0.6415,2.5625,0.9609375,-3.8837890625
0.642,2.8828125,0.6005859375,-3.8837890625
0.6425,2.9228515625,0.2802734375,-3.6435546875
0.643,2.8427734375,-0.3203125,-2.962890625
0.6435,2.8427734375,-1.12109375,-2.2021484375
0.644,3.04296875,-1.921875,-1.6015625
0.6445,3.2431640625,-2.6025390625,-1.1611328125
0.645,3.1630859375,-2.8828125,-0.8408203125
0.6455,2.7626953125,-2.9228515625,-0.3603515625
0.646,2.162109375,-3.0029296875,0.3603515625
0.6465,1.3212890625,-3.1630859375,1.28125
0.647,0.9208984375,-3.443359375,2.0419921875
0.6475,0.48046875,-3.6435546875,2.6025390625
0.648,0.1201171875,-3.5634765625,2.8427734375
0.6485,-0.6005859375,-2.9228515625,2.8828125
0.649,-1.4013671875,-2.2421875,3.0830078125
0.6495,-2.2822265625,-1.521484375,3.283203125
0.65,-2.9228515625,-1.1611328125,3.5234375
0.6505,-3.123046875,-0.80078125,3.36328125
0.651,-3.1630859375,-0.3603515625,3.0029296875
0.6515,-3.1630859375,0.3203125,2.322265625
0.652,-3.203125,1.2412109375,1.521484375
0.6525,-3.443359375,2.0419921875,0.9609375
0.653,-3.5634765625,2.6025390625,0.5205078125
0.6535,-3.36328125,2.802734375,0.16015625
0.654,-2.72265625,2.802734375,-0.5205078125
0.6545,-2.0419921875,3.0029296875,-1.3212890625
0.655,-1.28125,3.203125,-2.3623046875
0.6555,-0.80078125,3.443359375,-3.0830078125
0.656,-0.400390625,3.36328125,-3.4833984375
0.6565,0.0400390625,3.0830078125,-3.6435546875
0.657,0.9208984375,2.3623046875,-3.6435546875
0.6575,1.76171875,1.5615234375,-3.8037109375
0.658,2.5224609375,1.0009765625,-3.8837890625
0.6585,3.0029296875,0.6806640625,-4.0439453125
0.659,3.04296875,0.2802734375,-3.8037109375
0.6595,2.962890625,-0.240234375,-3.1630859375
0.66,2.9228515625,-1.0009765625,-2.4423828125
0.6605,3.04296875,-1.8818359375,-1.6416015625
0.661,3.203125,-2.5224609375,-1.201171875
0.6615,3.1630859375,-2.9228515625,-0.80078125
0.662,2.9228515625,-3.04296875,-0.4404296875
0.6625,2.2021484375,-2.962890625,0.2802734375
0.663,1.4814453125,-3.1630859375,1.12109375
0.6635,0.8408203125,-3.36328125,1.9619140625
0.664,0.48046875,-3.68359375,2.6025390625
0.6645,0.080078125,-3.443359375,2.8427734375
0.665,-0.4404296875,-3.0830078125,2.9228515625
0.6655,-1.28125,-2.3623046875,3.04296875
0.666,-2.08203125,-1.6015625,3.1630859375
0.6665,-2.72265625,-1.1611328125,3.36328125
0.667,-3.0830078125,-0.8408203125,3.443359375
0.6675,-3.1630859375,-0.5205078125,3.1630859375
0.668,-3.04296875,0.1201171875,2.40234375
0.6685,-3.123046875,0.880859375,1.76171875
0.669,-3.283203125,1.76171875,1.0810546875
0.6695,-3.4833984375,2.3623046875,0.6806640625
0.67,-3.36328125,2.6826171875,0.2802734375
0.6705,-3.04296875,2.7626953125,-0.2001953125
0.671,-2.2822265625,2.8427734375,-0.9609375
0.6715,-1.6015625,2.9228515625,-1.8818359375
0.672,-1.041015625,3.203125,-2.642578125
0.6725,-0.6806640625,3.4833984375,-3.2431640625
0.673,-0.2802734375,3.2431640625,-3.443359375
0.6735,0.400390625,2.6826171875,-3.4833984375
0.674,1.28125,2.001953125,-3.6435546875
0.6745,2.08203125,1.3212890625,-3.84375
0.675,2.6826171875,0.9208984375,-4.00390625
0.6755,2.9228515625,0.6005859375,-3.8837890625
0.676,2.9228515625,0.16015625,-3.5634765625
0.6765,2.8427734375,-0.560546875,-2.7626953125
0.677,2.9228515625,-1.4013671875,-2.08203125
0.6775,3.1630859375,-2.2021484375,-1.44140625
0.678,3.3232421875,-2.72265625,-1.12109375
0.6785,3.04296875,-2.8828125,-0.720703125
0.679,2.5224609375,-2.9228515625,-0.16015625
0.6795,1.841796875,-3.123046875,0.6806640625
0.68,1.12109375,-3.3232421875,1.5615234375
0.6805,0.6806640625,-3.5234375,2.2822265625
0.681,0.3203125,-3.5634765625,2.72265625
0.6815,-0.16015625,-3.2431640625,2.8427734375
0.682,-0.9208984375,-2.5224609375,2.8828125
0.6825,-1.681640625,-1.921875,3.04296875
0.683,-2.5224609375,-1.3212890625,3.2431640625
0.6835,-2.9228515625,-1.041015625,3.4033203125
0.684,-3.04296875,-0.640625,3.1630859375
0.6845,-3.0029296875,-0.2001953125,2.642578125
0.685,-3.0029296875,0.6005859375,1.9619140625
0.6855,-3.1630859375,1.361328125,1.28125
0.686,-3.3232421875,2.0419921875,0.80078125
0.6865,-3.4033203125,2.5224609375,0.4404296875
0.687,-3.0830078125,2.6025390625,0.0400390625
0.6875,-2.482421875,2.6025390625,-0.640625
0.688,-1.841796875,2.8427734375,-1.44140625
0.6885,-1.2412109375,3.123046875,-2.322265625
0.689,-0.8408203125,3.3232421875,-2.9228515625
0.6895,-0.48046875,3.2431640625,-3.203125
0.69,0.0400390625,2.9228515625,-3.4033203125
0.6905,0.8408203125,2.2421875,-3.5234375
0.691,1.6015625,1.5615234375,-3.6435546875
0.6915,2.3623046875,1.12109375,-3.8837890625
0.692,2.7626953125,0.80078125,-4.00390625
0.6925,2.802734375,0.4404296875,-3.6435546875
0.693,2.7626953125,-0.16015625,-3.0830078125
0.6935,2.8427734375,-0.9208984375,-2.4423828125
0.694,3.04296875,-1.76171875,-1.76171875
0.6945,3.1630859375,-2.322265625,-1.361328125
0.695,3.1630859375,-2.6826171875,-1.0009765625
0.6955,2.8427734375,-2.8828125,-0.560546875
0.696,2.1220703125,-2.8828125,0.240234375
0.6965,1.521484375,-3.0830078125,1.0810546875
0.697,0.9609375,-3.36328125,1.8818359375
0.6975,0.640625,-3.5634765625,2.40234375
0.698,0.2001953125,-3.36328125,2.6025390625
0.6985,-0.400390625,-2.8828125,2.72265625
0.699,-1.2412109375,-2.2421875,2.8828125
0.6995,-1.9619140625,-1.6416015625,3.123046875
0.7,-2.5625,-1.28125,3.283203125
0.7005,-2.8828125,-1.0009765625,3.2431640625
0.701,-2.8828125,-0.560546875,2.9228515625
0.7015,-2.8828125,0.1201171875,2.2421875
0.702,-3.04296875,0.9208984375,1.6416015625
0.7025,-3.2431640625,1.7216796875,1.12109375
0.703,-3.36328125,2.2021484375,0.7607421875
0.7035,-3.203125,2.40234375,0.3203125
0.704,-2.7626953125,2.5224609375,-0.2001953125
0.7045,-2.1220703125,2.6826171875,-1.041015625
0.705,-1.5615234375,2.9228515625,-1.841796875
0.7055,-1.0810546875,3.2431640625,-2.6025390625
0.706,-0.720703125,3.36328125,-3.04296875
0.7065,-0.2802734375,3.04296875,-3.203125
0.707,0.4404296875,2.482421875,-3.3232421875
0.7075,1.2412109375,1.8818359375,-3.5234375
0.708,2.001953125,1.3212890625,-3.763671875
0.7085,2.482421875,0.9609375,-3.8837890625
0.709,2.6826171875,0.640625,-3.7236328125
0.7095,2.6826171875,0.2001953125,-3.283203125
0.71,2.72265625,-0.6005859375,-2.6025390625
0.7105,2.8427734375,-1.3212890625,-2.001953125
0.711,3.123046875,-1.9619140625,-1.44140625
0.7115,3.1630859375,-2.5625,-1.2412109375
0.712,2.8828125,-2.6826171875,-0.80078125
0.7125,2.40234375,-2.7626953125,-0.16015625
0.713,1.76171875,-2.9228515625,0.640625
0.7135,1.2412109375,-3.203125,1.4814453125
0.714,0.80078125,-3.4033203125,2.08203125
0.7145,0.48046875,-3.443359375,2.482421875
0.715,-0.080078125,-3.0830078125,2.6025390625
0.7155,-0.8408203125,-2.4423828125,2.72265625
0.716,-1.6015625,-1.921875,2.9228515625
0.7165,-2.2822265625,-1.44140625,3.203125
0.717,-2.642578125,-1.1611328125,3.283203125
0.7175,-2.7626953125,-0.80078125,3.0029296875
0.718,-2.7626953125,-0.2802734375,2.5224609375
0.7185,-2.8828125,0.5205078125,1.921875
0.719,-3.123046875,1.2412109375,1.4013671875
0.7195,-3.283203125,1.841796875,0.9609375
0.72,-3.2431640625,2.2421875,0.6005859375
0.7205,-2.9228515625,2.3623046875,0.1201171875
0.721,-2.40234375,2.5224609375,-0.6005859375
0.7215,-1.841796875,2.7626953125,-1.361328125
0.722,-1.361328125,3.04296875,-2.1220703125
0.7225,-1.041015625,3.203125,-2.642578125
0.723,-0.640625,3.123046875,-2.962890625
0.7235,0.0,2.7626953125,-3.1630859375
0.724,0.7607421875,2.162109375,-3.3232421875
0.7245,1.4814453125,1.6416015625,-3.5634765625
0.725,2.08203125,1.2412109375,-3.763671875
0.7255,2.482421875,0.9609375,-3.84375
0.726,2.5625,0.560546875,-3.5234375
0.7265,2.6025390625,-0.1201171875,-2.9228515625
0.727,2.72265625,-0.9208984375,-2.40234375
0.7275,3.0029296875,-1.681640625,-1.8818359375
0.728,3.123046875,-2.08203125,-1.44140625
0.7285,3.04296875,-2.482421875,-1.0810546875
0.729,2.642578125,-2.642578125,-0.5205078125
0.7295,2.0419921875,-2.8427734375,0.2802734375
0.73,1.521484375,-3.0830078125,1.041015625
0.7305,1.0810546875,-3.36328125,1.76171875
0.731,0.720703125,-3.5234375,2.2421875
0.7315,0.240234375,-3.203125,2.482421875
0.732,-0.48046875,-2.7626953125,2.642578125
0.7325,-1.28125,-2.1220703125,2.8427734375
0.733,-1.9619140625,-1.6416015625,3.123046875
0.7335,-2.482421875,-1.3212890625,3.2431640625
0.734,-2.72265625,-1.0009765625,3.1630859375
0.7345,-2.7626953125,-0.48046875,2.72265625
0.735,-2.8828125,0.2001953125,2.0419921875
0.7355,-3.04296875,1.0009765625,1.5615234375
0.736,-3.3232421875,1.76171875,1.0810546875
0.7365,-3.36328125,2.2021484375,0.720703125
0.737,-3.0830078125,2.3623046875,0.2802734375
0.7375,-2.6025390625,2.5224609375,-0.400390625
0.738,-1.9619140625,2.72265625,-1.28125
0.7385,-1.44140625,3.04296875,-2.001953125
0.739,-1.0009765625,3.2431640625,-2.6826171875
0.7395,-0.640625,3.283203125,-3.04296875
0.74,-0.080078125,2.8427734375,-3.1630859375
0.7405,0.640625,2.2421875,-3.3232421875
0.741,1.4814453125,1.6416015625,-3.5234375
0.7415,2.2021484375,1.2412109375,-3.8037109375
0.742,2.5224609375,0.9208984375,-3.84375
0.7425,2.6025390625,0.5205078125,-3.5634765625
0.743,2.6826171875,-0.080078125,-3.0830078125
0.7435,2.6826171875,-0.880859375,-2.40234375
0.744,2.8828125,-1.6015625,-1.8818359375
0.7445,3.123046875,-2.2021484375,-1.4013671875
0.745,3.0830078125,-2.5625,-1.0810546875
0.7455,2.6826171875,-2.642578125,-0.6005859375
0.746,2.162109375,-2.802734375,0.1201171875
0.7465,1.521484375,-3.04296875,0.9609375
0.747,1.0810546875,-3.283203125,1.7216796875
0.7475,0.720703125,-3.4833984375,2.2421875
0.748,0.3203125,-3.3232421875,2.5224609375
0.7485,-0.3203125,-2.8828125,2.642578125
0.749,-1.12109375,-2.2822265625,2.802734375
0.7495,-1.8818359375,-1.76171875,3.04296875
0.75,-2.5224609375,-1.3212890625,3.283203125
0.7505,-2.7626953125,-1.041015625,3.2431640625
0.751,-2.8427734375,-0.6005859375,2.8427734375
0.7515,-2.8828125,0.0400390625,2.2822265625
0.752,-3.04296875,0.8408203125,1.6015625
0.7525,-3.2431640625,1.6416015625,1.1611328125
0.753,-3.36328125,2.162109375,0.7607421875
0.7535,-3.2431640625,2.4423828125,0.3603515625
0.754,-2.72265625,2.5224609375,-0.240234375
0.7545,-2.1220703125,2.6826171875,-1.041015625
0.755,-1.5615234375,3.0029296875,-1.8818359375
0.7555,-1.12109375,3.3232421875,-2.642578125
0.756,-0.720703125,3.3232421875,-3.04296875
0.7565,-0.2802734375,3.04296875,-3.203125
0.757,0.48046875,2.482421875,-3.36328125
0.7575,1.4013671875,1.76171875,-3.5634765625
0.758,2.08203125,1.28125,-3.8037109375
0.7585,2.5625,0.9208984375,-3.8837890625
0.759,2.72265625,0.560546875,-3.763671875
0.7595,2.6826171875,0.0,-3.203125
0.76,2.72265625,-0.7607421875,-2.5625
0.7605,2.8828125,-1.521484375,-1.8818359375
0.761,3.123046875,-2.2421875,-1.44140625
0.7615,3.123046875,-2.5625,-1.0810546875
0.762,2.8427734375,-2.72265625,-0.640625
0.7625,2.2822265625,-2.802734375,0.0
0.763,1.6015625,-2.962890625,0.880859375
0.7635,1.0810546875,-3.203125,1.6416015625
0.764,0.6806640625,-3.4833984375,2.2421875
0.7645,0.3603515625,-3.36328125,2.5224609375
0.765,-0.240234375,-2.9228515625,2.6025390625
0.7655,-1.0009765625,-2.3623046875,2.802734375
0.766,-1.8017578125,-1.7216796875,2.962890625
0.7665,-2.40234375,-1.361328125,3.203125
0.767,-2.72265625,-1.041015625,3.203125
0.7675,-2.8427734375,-0.720703125,2.962890625
0.768,-2.8427734375,-0.16015625,2.40234375
0.7685,-2.8828125,0.640625,1.76171875
0.769,-3.0830078125,1.361328125,1.28125
0.7695,-3.283203125,2.001953125,0.880859375
0.77,-3.2431640625,2.2822265625,0.5205078125
0.7705,-2.8828125,2.4423828125,0.0
0.771,-2.3623046875,2.6025390625,-0.6806640625
0.7715,-1.76171875,2.8427734375,-1.5615234375
0.772,-1.3212890625,3.1630859375,-2.2822265625
0.7725,-0.9208984375,3.3232421875,-2.8427734375
0.773,-0.5205078125,3.203125,-3.123046875
0.7735,0.16015625,2.6826171875,-3.203125
0.774,0.9208984375,2.1220703125,-3.443359375
0.7745,1.76171875,1.5615234375,-3.68359375
0.775,2.3623046875,1.12109375,-3.923828125
0.7755,2.6025390625,0.80078125,-3.8837890625
0.776,2.6826171875,0.2802734375,-3.4833984375
0.7765,2.7626953125,-0.3603515625,-2.8828125
0.777,2.8828125,-1.201171875,-2.2021484375
0.7775,3.123046875,-1.9619140625,-1.681640625
0.778,3.2431640625,-2.5224609375,-1.28125
0.7785,3.123046875,-2.72265625,-0.9208984375
0.779,2.5224609375,-2.802734375,-0.2802734375
0.7795,1.921875,-3.0029296875,0.6005859375
0.78,1.28125,-3.2431640625,1.4814453125
0.7805,0.8408203125,-3.5634765625,2.2021484375
0.781,0.400390625,-3.5234375,2.5625
0.7815,0.0,-3.203125,2.72265625
0.782,-0.880859375,-2.5625,2.8427734375
0.7825,-1.7216796875,-1.8818359375,3.04296875
0.783,-2.4423828125,-1.361328125,3.2431640625
0.7835,-2.8828125,-1.041015625,3.36328125
0.784,-3.0029296875,-0.720703125,3.123046875
0.7845,-2.8828125,-0.1201171875,2.5224609375
0.785,-3.0029296875,0.640625,1.8818359375
0.7855,-3.1630859375,1.521484375,1.201171875
0.786,-3.36328125,2.1220703125,0.80078125
0.7865,-3.283203125,2.482421875,0.400390625
0.787,-3.04296875,2.6025390625,0.0
0.7875,-2.322265625,2.6025390625,-0.720703125
0.788,-1.681640625,2.8427734375,-1.6015625
0.7885,-1.1611328125,3.0830078125,-2.40234375
0.789,-0.80078125,3.3232421875,-2.962890625
0.7895,-0.400390625,3.1630859375,-3.203125
0.79,0.16015625,2.72265625,-3.283203125
0.7905,0.9208984375,2.1220703125,-3.4833984375
0.791,1.76171875,1.4013671875,-3.68359375
0.7915,2.3623046875,1.0009765625,-3.84375
0.792,2.6826171875,0.6806640625,-3.8837890625
0.7925,2.802734375,0.400390625,-3.603515625
0.793,2.72265625,-0.2802734375,-2.9228515625
0.7935,2.802734375,-1.0009765625,-2.2822265625
0.794,3.04296875,-1.8017578125,-1.7216796875
0.7945,3.2431640625,-2.4423828125,-1.3212890625
0.795,3.123046875,-2.72265625,-1.0009765625
0.7955,2.72265625,-2.8427734375,-0.400390625
0.796,2.1220703125,-2.962890625,0.3203125
0.7965,1.4013671875,-3.203125,1.2412109375
0.797,0.9208984375,-3.4833984375,2.0419921875
0.7975,0.560546875,-3.6435546875,2.5625
0.798,0.1201171875,-3.443359375,2.802734375
0.7985,-0.640625,-2.802734375,2.8427734375
0.799,-1.44140625,-2.2021484375,3.04296875
0.7995,-2.322265625,-1.5615234375,3.283203125
0.8,-2.8828125,-1.2412109375,3.4833984375
0.8005,-3.0830078125,-0.7607421875,3.283203125
0.801,-3.0830078125,-0.3203125,2.8427734375
0.8015,-3.0830078125,0.48046875,2.08203125
0.802,-3.203125,1.3212890625,1.361328125
0.8025,-3.36328125,2.08203125,0.880859375
0.803,-3.5234375,2.6025390625,0.48046875
0.8035,-3.203125,2.6826171875,0.0400390625
0.804,-2.5224609375,2.6826171875,-0.640625
0.8045,-1.841796875,2.9228515625,-1.521484375
0.805,-1.201171875,3.1630859375,-2.4423828125
0.8055,-0.720703125,3.36328125,-3.0830078125
0.806,-0.3603515625,3.3232421875,-3.36328125
0.8065,0.16015625,2.9228515625,-3.5234375
0.807,1.0009765625,2.08203125,-3.5634765625
0.8075,1.76171875,1.44140625,-3.7236328125
0.808,2.5224609375,0.880859375,-3.8837890625
0.8085,2.8828125,0.640625,-3.923828125
0.809,2.8828125,0.2802734375,-3.603515625
0.8095,2.802734375,-0.2802734375,-3.0029296875
0.81,2.8427734375,-1.041015625,-2.2822265625
0.8105,2.962890625,-1.841796875,-1.6015625
0.811,3.123046875,-2.4423828125,-1.201171875
0.8115,3.123046875,-2.8427734375,-0.8408203125
0.812,2.802734375,-2.8828125,-0.48046875
0.8125,2.08203125,-2.8828125,0.2802734375
0.813,1.4814453125,-3.0830078125,1.0810546875
0.8135,0.9208984375,-3.36328125,1.921875
0.814,0.6005859375,-3.5634765625,2.4423828125
0.8145,0.2001953125,-3.36328125,2.6826171875
0.815,-0.400390625,-3.0029296875,2.802734375
0.8155,-1.201171875,-2.322265625,2.9228515625
0.816,-1.9619140625,-1.76171875,3.0830078125
0.8165,-2.6025390625,-1.28125,3.3232421875
0.817,-2.962890625,-1.0009765625,3.36328125
0.8175,-3.0029296875,-0.560546875,3.04296875
0.818,-2.962890625,0.1201171875,2.40234375
0.8185,-3.0830078125,0.880859375,1.76171875
0.819,-3.3232421875,1.7216796875,1.12109375
0.8195,-3.4833984375,2.2822265625,0.7607421875
0.82,-3.36328125,2.6025390625,0.3203125
0.8205,-2.962890625,2.72265625,-0.2001953125
0.821,-2.2021484375,2.8427734375,-1.0810546875
0.8215,-1.5615234375,3.0830078125,-1.9619140625
0.822,-1.041015625,3.36328125,-2.7626953125
0.8225,-0.6806640625,3.5234375,-3.283203125
0.823,-0.16015625,3.1630859375,-3.4833984375
0.8235,0.6005859375,2.5224609375,-3.5634765625
0.824,1.521484375,1.76171875,-3.8037109375
0.8245,2.322265625,1.2412109375,-3.923828125
0.825,2.8427734375,0.80078125,-4.00390625
0.8255,3.0029296875,0.4404296875,-3.84375
0.826,2.962890625,-0.1201171875,-3.36328125
0.8265,2.8828125,-0.9208984375,-2.482421875
0.827,3.0029296875,-1.681640625,-1.8017578125
0.8275,3.203125,-2.5224609375,-1.28125
0.828,3.2431640625,-2.8828125,-0.9208984375
0.8285,2.8427734375,-2.962890625,-0.48046875
0.829,2.2822265625,-2.962890625,0.16015625
0.8295,1.44140625,-3.0830078125,1.12109375
0.83,0.9208984375,-3.3232421875,1.921875
0.8305,0.48046875,-3.5234375,2.5224609375
0.831,0.1201171875,-3.5634765625,2.802734375
0.8315,-0.48046875,-3.0830078125,2.8828125
0.832,-1.201171875,-2.322265625,2.9228515625
0.8325,-2.001953125,-1.6416015625,3.0830078125
0.833,-2.72265625,-1.1611328125,3.3232421875
0.8335,-3.04296875,-0.880859375,3.3232421875
0.834,-3.0830078125,-0.5205078125,3.04296875
0.8345,-3.04296875,0.0,2.5224609375
0.835,-3.0029296875,0.80078125,1.7216796875
0.8355,-3.203125,1.5615234375,1.1611328125
0.836,-3.36328125,2.2421875,0.6806640625
0.8365,-3.36328125,2.6025390625,0.3603515625
0.837,-3.0029296875,2.6826171875,-0.1201171875
0.8375,-2.40234375,2.72265625,-0.8408203125
0.838,-1.681640625,2.9228515625,-1.681640625
0.8385,-1.1611328125,3.203125,-2.5224609375
0.839,-0.720703125,3.4033203125,-3.123046875
0.8395,-0.3603515625,3.283203125,-3.4033203125
0.84,0.2802734375,2.802734375,-3.5634765625
0.8405,1.12109375,2.08203125,-3.603515625
0.841,1.921875,1.44140625,-3.84375
0.8415,2.6826171875,0.9609375,-4.0439453125
0.842,2.962890625,0.6806640625,-4.0439453125
0.8425,3.0029296875,0.240234375,-3.5634765625
0.843,2.9228515625,-0.48046875,-2.962890625
0.8435,3.04296875,-1.361328125,-2.1220703125
0.844,3.203125,-2.2021484375,-1.5615234375
0.8445,3.3232421875,-2.7626953125,-1.0810546875
0.845,3.203125,-3.04296875,-0.720703125
0.8455,2.642578125,-3.0830078125,-0.16015625
0.846,1.841796875,-3.1630859375,0.7607421875
0.8465,1.12109375,-3.36328125,1.7216796875
0.847,0.640625,-3.7236328125,2.4423828125
0.8475,0.240234375,-3.68359375,2.8427734375
0.848,-0.2802734375,-3.3232421875,2.962890625
0.8485,-1.0009765625,-2.6025390625,3.04296875
0.849,-1.9619140625,-1.76171875,3.1630859375
0.8495,-2.642578125,-1.2412109375,3.3232421875
0.85,-3.123046875,-0.80078125,3.4033203125
0.8505,-3.203125,-0.5205078125,3.2431640625
0.851,-3.123046875,0.0,2.5625
0.8515,-3.0830078125,0.7607421875,1.841796875
0.852,-3.1630859375,1.6015625,1.12109375
0.8525,-3.36328125,2.2822265625,0.640625
0.853,-3.36328125,2.642578125,0.2802734375
0.8535,-3.0830078125,2.7626953125,-0.16015625
0.854,-2.4423828125,2.7626953125,-0.720703125
0.8545,-1.681640625,2.8828125,-1.6416015625
0.855,-1.12109375,3.0830078125,-2.4423828125
0.8555,-0.6806640625,3.3232421875,-3.123046875
0.856,-0.3603515625,3.283203125,-3.443359375
0.8565,0.16015625,2.8828125,-3.4833984375
0.857,0.9208984375,2.2421875,-3.5634765625
0.8575,1.8017578125,1.4814453125,-3.68359375
0.858,2.4423828125,1.041015625,-3.8837890625
0.8585,2.8427734375,0.6806640625,-3.923828125
0.859,2.9228515625,0.3603515625,-3.7236328125
0.8595,2.8427734375,-0.2001953125,-3.1630859375
0.86,2.8427734375,-1.0009765625,-2.3623046875
0.8605,3.04296875,-1.76171875,-1.76171875
0.861,3.2431640625,-2.482421875,-1.28125
0.8615,3.203125,-2.802734375,-0.9609375
0.862,2.8427734375,-2.8828125,-0.48046875
0.8625,2.2421875,-3.0029296875,0.240234375
0.863,1.4814453125,-3.203125,1.1611328125
0.8635,1.0009765625,-3.4833984375,1.921875
0.864,0.560546875,-3.68359375,2.5224609375
0.8645,0.240234375,-3.5634765625,2.802734375
0.865,-0.48046875,-2.9228515625,2.8828125
0.8655,-1.28125,-2.2822265625,3.04296875
0.866,-2.162109375,-1.6015625,3.2431640625
0.8665,-2.802734375,-1.2412109375,3.4833984375
0.867,-3.04296875,-0.8408203125,3.36328125
0.8675,-3.0830078125,-0.4404296875,3.0029296875
0.868,-3.0830078125,0.240234375,2.3623046875
0.8685,-3.123046875,1.12109375,1.5615234375
0.869,-3.3232421875,1.921875,1.0009765625
0.8695,-3.4833984375,2.482421875,0.6005859375
0.87,-3.3232421875,2.6826171875,0.240234375
0.8705,-2.72265625,2.6826171875,-0.400390625
0.871,-2.08203125,2.8427734375,-1.2412109375
0.8715,-1.3212890625,3.04296875,-2.162109375
0.872,-0.9609375,3.3232421875,-2.8828125
0.8725,-0.5205078125,3.3232421875,-3.2431640625
0.873,-0.1201171875,3.123046875,-3.4033203125
0.8735,0.640625,2.40234375,-3.4833984375
0.874,1.4814453125,1.7216796875,-3.603515625
0.8745,2.2421875,1.12109375,-3.763671875
0.875,2.72265625,0.7607421875,-3.9638671875
0.8755,2.8427734375,0.48046875,-3.763671875
0.876,2.802734375,0.0,-3.203125
0.8765,2.8427734375,-0.6806640625,-2.6025390625
0.877,2.8828125,-1.5615234375,-1.841796875
0.8775,3.123046875,-2.2421875,-1.4013671875
0.878,3.1630859375,-2.6826171875,-1.0009765625
0.8785,2.962890625,-2.8427734375,-0.640625
0.879,2.3623046875,-2.8828125,0.0
0.8795,1.7216796875,-3.0830078125,0.7607421875
0.88,1.12109375,-3.283203125,1.6015625
0.8805,0.720703125,-3.5634765625,2.2822265625
0.881,0.3203125,-3.4833984375,2.6025390625
0.8815,-0.16015625,-3.1630859375,2.72265625
0.882,-0.880859375,-2.5224609375,2.8828125
0.8825,-1.7216796875,-1.841796875,3.04296875
0.883,-2.40234375,-1.44140625,3.2431640625
0.8835,-2.8427734375,-1.041015625,3.3232421875
0.884,-2.9228515625,-0.720703125,3.1630859375
0.8845,-2.8828125,-0.16015625,2.5224609375
0.885,-2.962890625,0.560546875,1.921875
0.8855,-3.1630859375,1.4013671875,1.3212890625
0.886,-3.36328125,2.0419921875,0.9208984375
0.8865,-3.36328125,2.3623046875,0.5205078125
0.887,-3.04296875,2.5224609375,0.0400390625
0.8875,-2.4423828125,2.6025390625,-0.640625
0.888,-1.8017578125,2.802734375,-1.5615234375
0.8885,-1.28125,3.1630859375,-2.2822265625
0.889,-0.9208984375,3.4033203125,-2.8828125
0.8895,-0.5205078125,3.2431640625,-3.203125
0.89,0.1201171875,2.7626953125,-3.2431640625
0.8905,0.880859375,2.162109375,-3.4833984375
0.891,1.76171875,1.521484375,-3.7236328125
0.8915,2.40234375,1.12109375,-3.8837890625
0.892,2.642578125,0.7607421875,-3.84375
0.8925,2.7626953125,0.400390625,-3.5634765625
0.893,2.6826171875,-0.2802734375,-2.8828125
0.8935,2.802734375,-1.041015625,-2.2421875
0.894,3.04296875,-1.841796875,-1.681640625
0.8945,3.203125,-2.40234375,-1.28125
0.895,3.04296875,-2.6826171875,-0.9609375
0.8955,2.5625,-2.802734375,-0.400390625
0.896,2.001953125,-2.962890625,0.3603515625
0.8965,1.361328125,-3.123046875,1.2412109375
0.897,0.9208984375,-3.36328125,1.921875
0.8975,0.560546875,-3.4833984375,2.40234375
0.898,0.1201171875,-3.2431640625,2.6025390625
0.8985,-0.6005859375,-2.642578125,2.6826171875
0.899,-1.3212890625,-2.08203125,2.8427734375
0.8995,-2.08203125,-1.5615234375,3.0830078125
0.9,-2.6025390625,-1.2412109375,3.283203125
0.9005,-2.72265625,-0.9208984375,3.123046875
0.901,-2.802734375,-0.4404296875,2.6826171875
0.9015,-2.8828125,0.240234375,2.162109375
0.902,-2.962890625,1.0009765625,1.521484375
0.9025,-3.203125,1.6416015625,1.0810546875
0.903,-3.283203125,2.162109375,0.6806640625
0.9035,-3.1630859375,2.3623046875,0.2802734375
0.904,-2.6025390625,2.4423828125,-0.3603515625
0.9045,-2.08203125,2.6826171875,-1.041015625
0.905,-1.4814453125,2.962890625,-1.921875
0.9055,-1.12109375,3.2431640625,-2.5625
0.906,-0.720703125,3.203125,-2.9228515625
0.9065,-0.2802734375,2.962890625,-3.1630859375
0.907,0.48046875,2.40234375,-3.283203125
0.9075,1.2412109375,1.841796875,-3.4833984375
0.908,1.921875,1.3212890625,-3.7236328125
0.9085,2.40234375,1.041015625,-3.8837890625
0.909,2.5625,0.6806640625,-3.68359375
0.9095,2.5625,0.1201171875,-3.1630859375
0.91,2.72265625,-0.6005859375,-2.6025390625
0.9105,2.9228515625,-1.4013671875,-1.9619140625
0.911,3.123046875,-2.0419921875,-1.6015625
0.9115,3.123046875,-2.4423828125,-1.2412109375
0.912,2.8427734375,-2.6826171875,-0.80078125
0.9125,2.2822265625,-2.72265625,0.0
0.913,1.681640625,-2.962890625,0.7607421875
0.9135,1.2412109375,-3.2431640625,1.5615234375
0.914,0.8408203125,-3.5234375,2.162109375
0.9145,0.4404296875,-3.36328125,2.40234375
0.915,-0.2001953125,-2.9228515625,2.5625
0.9155,-1.0009765625,-2.3623046875,2.802734375
0.916,-1.76171875,-1.8017578125,3.04296875
0.9165,-2.322265625,-1.44140625,3.203125
0.917,-2.6826171875,-1.0810546875,3.203125
0.9175,-2.7626953125,-0.720703125,2.9228515625
0.918,-2.802734375,0.0,2.322265625
0.9185,-2.9228515625,0.6806640625,1.76171875
0.919,-3.203125,1.4013671875,1.2412109375
0.9195,-3.283203125,1.9619140625,0.880859375
0.92,-3.203125,2.2421875,0.4404296875
0.9205,-2.802734375,2.4423828125,-0.080078125
0.921,-2.2421875,2.6025390625,-0.8408203125
0.9215,-1.6416015625,2.8427734375,-1.6416015625
0.922,-1.2412109375,3.1630859375,-2.3623046875
0.9225,-0.8408203125,3.2431640625,-2.8427734375
0.923,-0.400390625,3.04296875,-3.0830078125
0.9235,0.2802734375,2.5224609375,-3.203125
0.924,1.041015625,1.921875,-3.36328125
0.9245,1.8017578125,1.44140625,-3.68359375
0.925,2.2822265625,1.12109375,-3.84375
0.9255,2.5224609375,0.7607421875,-3.68359375
0.926,2.6025390625,0.2802734375,-3.3232421875
0.9265,2.6826171875,-0.400390625,-2.72265625
0.927,2.8427734375,-1.2412109375,-2.1220703125
0.9275,3.04296875,-1.9619140625,-1.681640625
0.928,3.1630859375,-2.4423828125,-1.3212890625
0.9285,2.9228515625,-2.6025390625,-0.880859375
0.929,2.40234375,-2.72265625,-0.2802734375
0.9295,1.8818359375,-2.9228515625,0.560546875
0.93,1.28125,-3.203125,1.4013671875
0.9305,0.880859375,-3.4833984375,2.001953125
0.931,0.5205078125,-3.4033203125,2.40234375
0.9315,0.0,-3.123046875,2.6025390625
0.932,-0.80078125,-2.482421875,2.72265625
0.9325,-1.5615234375,-1.9619140625,2.962890625
0.933,-2.2822265625,-1.44140625,3.203125
0.9335,-2.6826171875,-1.201171875,3.3232421875
0.934,-2.7626953125,-0.80078125,3.04296875
0.9345,-2.802734375,-0.2001953125,2.482421875
0.935,-2.9228515625,0.560546875,1.921875
0.9355,-3.123046875,1.28125,1.28125
0.936,-3.3232421875,1.921875,0.880859375
0.9365,-3.283203125,2.322265625,0.560546875
0.937,-2.962890625,2.482421875,0.0400390625
0.9375,-2.322265625,2.5625,-0.6806640625
0.938,-1.76171875,2.8427734375,-1.521484375
0.9385,-1.28125,3.1630859375,-2.322265625
0.939,-0.9208984375,3.3232421875,-2.8828125
0.9395,-0.48046875,3.123046875,-3.0830078125
0.94,0.16015625,2.6826171875,-3.2431640625
0.9405,1.0009765625,2.001953125,-3.443359375
0.941,1.76171875,1.4814453125,-3.6435546875
0.9415,2.3623046875,1.0810546875,-3.84375
0.942,2.6025390625,0.7607421875,-3.84375
0.9425,2.6826171875,0.3603515625,-3.4833984375
0.943,2.642578125,-0.3603515625,-2.8427734375
0.9435,2.802734375,-1.12109375,-2.2021484375
0.944,3.04296875,-1.9619140625,-1.681640625
0.9445,3.1630859375,-2.40234375,-1.28125
0.945,3.0029296875,-2.642578125,-0.880859375
0.9455,2.5625,-2.7626953125,-0.3603515625
0.946,1.921875,-2.8828125,0.48046875
0.9465,1.3212890625,-3.1630859375,1.28125
0.947,0.880859375,-3.4033203125,2.0419921875
0.9475,0.560546875,-3.5634765625,2.482421875
0.948,0.0400390625,-3.203125,2.642578125
0.9485,-0.6806640625,-2.642578125,2.802734375
0.949,-1.4814453125,-2.001953125,2.962890625
0.9495,-2.2421875,-1.521484375,3.1630859375
0.95,-2.72265625,-1.1611328125,3.3232421875
0.9505,-2.8828125,-0.80078125,3.1630859375
0.951,-2.8828125,-0.3603515625,2.6826171875
0.9515,-2.9228515625,0.400390625,1.9619140625
0.952,-3.0830078125,1.1611328125,1.361328125
0.9525,-3.283203125,1.921875,0.9208984375
0.953,-3.36328125,2.322265625,0.6005859375
0.9535,-3.04296875,2.482421875,0.1201171875
0.954,-2.5224609375,2.5625,-0.5205078125
0.9545,-1.8818359375,2.802734375,-1.361328125
0.955,-1.3212890625,3.0830078125,-2.162109375
0.9555,-0.9609375,3.2431640625,-2.7626953125
0.956,-0.6005859375,3.2431640625,-3.123046875
0.9565,0.0,2.8427734375,-3.203125
0.957,0.7607421875,2.2421875,-3.36328125
0.9575,1.521484375,1.6015625,-3.5634765625
0.958,2.2421875,1.201171875,-3.8037109375
0.9585,2.5625,0.880859375,-3.8837890625
0.959,2.642578125,0.4404296875,-3.5634765625
0.9595,2.6826171875,-0.1201171875,-3.0830078125
0.96,2.72265625,-0.9609375,-2.40234375
0.9605,2.9228515625,-1.6015625,-1.8017578125
0.961,3.123046875,-2.2421875,-1.4013671875
0.9615,3.1630859375,-2.6025390625,-1.041015625
0.962,2.7626953125,-2.72265625,-0.6005859375
0.9625,2.162109375,-2.8427734375,0.16015625
0.963,1.521484375,-3.0830078125,1.0009765625
0.9635,1.0810546875,-3.36328125,1.8017578125
0.964,0.6806640625,-3.5634765625,2.322265625
0.9645,0.2802734375,-3.36328125,2.6025390625
0.965,-0.400390625,-2.8828125,2.7626953125
0.9655,-1.28125,-2.2021484375,2.9228515625
0.966,-2.001953125,-1.681640625,3.123046875
0.9665,-2.6025390625,-1.28125,3.3232421875
0.967,-2.8828125,-1.0009765625,3.283203125
0.9675,-2.9228515625,-0.5205078125,2.8427734375
0.968,-2.9228515625,0.16015625,2.2421875
0.9685,-3.0830078125,1.041015625,1.5615234375
0.969,-3.283203125,1.76171875,1.0810546875
0.9695,-3.36328125,2.2822265625,0.6806640625
0.97,-3.203125,2.5224609375,0.2802734375
0.9705,-2.72265625,2.6025390625,-0.3203125
0.971,-2.001953125,2.802734375,-1.201171875
0.9715,-1.4013671875,3.04296875,-2.0419921875
0.972,-1.0009765625,3.3232421875,-2.7626953125
0.9725,-0.640625,3.36328125,-3.203125
0.973,-0.1201171875,3.0029296875,-3.3232421875
0.9735,0.640625,2.40234375,-3.4833984375
0.974,1.5615234375,1.6416015625,-3.603515625
0.9745,2.2421875,1.201171875,-3.84375
0.975,2.6826171875,0.7607421875,-3.8837890625
0.9755,2.8427734375,0.4404296875,-3.763671875
0.976,2.7626953125,-0.080078125,-3.1630859375
0.9765,2.802734375,-0.8408203125,-2.4423828125
0.977,2.8828125,-1.6015625,-1.8017578125
0.9775,3.1630859375,-2.322265625,-1.3212890625
0.978,3.1630859375,-2.6826171875,-1.0009765625
0.9785,2.8427734375,-2.802734375,-0.5205078125
0.979,2.2822265625,-2.8828125,0.080078125
0.9795,1.521484375,-3.04296875,1.0009765625
0.98,1.0009765625,-3.283203125,1.76171875
0.9805,0.6005859375,-3.5234375,2.40234375
0.981,0.2802734375,-3.4833984375,2.6826171875
0.9815,-0.3203125,-2.962890625,2.7626953125
0.982,-1.12109375,-2.3623046875,2.9228515625
0.9825,-1.9619140625,-1.681640625,3.0830078125
0.983,-2.6025390625,-1.3212890625,3.3232421875
0.9835,-2.9228515625,-1.0009765625,3.3232421875
0.984,-3.0029296875,-0.6005859375,3.04296875
0.9845,-3.0029296875,0.0400390625,2.482421875
0.985,-3.0830078125,0.880859375,1.7216796875
0.9855,-3.2431640625,1.6416015625,1.1611328125
0.986,-3.4833984375,2.2822265625,0.6806640625
0.9865,-3.36328125,2.6025390625,0.3603515625
0.987,-2.9228515625,2.6826171875,-0.2001953125
0.9875,-2.2822265625,2.802734375,-1.0009765625
0.988,-1.5615234375,3.04296875,-1.9619140625
0.9885,-1.0810546875,3.3232421875,-2.642578125
0.989,-0.6806640625,3.443359375,-3.203125
0.9895,-0.2802734375,3.2431640625,-3.4033203125
0.99,0.48046875,2.6025390625,-3.5234375
0.9905,1.361328125,1.921875,-3.68359375
0.991,2.162109375,1.201171875,-3.84375
0.9915,2.72265625,0.80078125,-4.0439453125
0.992,2.9228515625,0.5205078125,-3.8837890625
0.9925,2.9228515625,0.0400390625,-3.4033203125
0.993,2.8828125,-0.6806640625,-2.72265625
0.9935,3.0029296875,-1.6015625,-1.8818359375
0.994,3.1630859375,-2.2822265625,-1.361328125
0.9945,3.2431640625,-2.8427734375,-1.0009765625
0.995,3.0830078125,-2.962890625,-0.640625
0.9955,2.40234375,-2.962890625,0.0400390625
0.996,1.6416015625,-3.123046875,0.9208984375
0.9965,1.0009765625,-3.36328125,1.841796875
0.997,0.6005859375,-3.603515625,2.482421875
0.9975,0.16015625,-3.4833984375,2.802734375
0.998,-0.3203125,-3.1630859375,2.9228515625
0.9985,-1.12109375,-2.4423828125,3.0029296875
0.999,-1.9619140625,-1.7216796875,3.123046875
0.9995,-2.6025390625,-1.2412109375,3.2431640625
